"","Cluster","ID","Description","setSize","enrichmentScore","NES","pvalue","p.adjust","qvalue","rank","leading_edge","core_enrichment","Group"
"1","Control_T","rno04657","IL-17 signaling pathway",77,0.748855049477321,2.75476112222881,1e-10,5.56666666666667e-09,4.07017543859649e-09,825,"tags=35%, list=6%, signal=33%","Cxcl3/Cxcl6/Mmp13/S100a8/S100a9/Cxcl2/Il17a/Cxcl1/Il17c/Fosl1/Csf3/Mmp3/Mmp9/Lcn2/Tnf/Cxcl10/Il1b/Muc5b/Ccl12/Ptgs2/Il6/Ccl17/Ccl20/Mapk4/Hsp90aa1/Tnfaip3/Fos","Enriched"
"2","Control_T","rno03010","Ribosome",132,0.615528266094314,2.44710802059248,1e-10,5.56666666666667e-09,4.07017543859649e-09,4264,"tags=79%, list=30%, signal=56%","Rps15al2/Rn5-8s/Rpl6-ps6/Rps12l2/Rps12l3/Rps15al4/Rn18s/Rsl24d1/Rpl27l1/Rps27l/Rpl22l1/Rps20/Rpl9/Rps12/Rps18/Rpl37l1/Rpl31l2/Rps17/Mrps10/Rpl32/Rpl39/Rps15a/Rps3/Rpl38/Rps2/Rps21/Rpl27/Rpl10a/Rpl17/Rps10/Rpl12/Rps25/Rplp0/Rps13/Rpl34/Rps28/Rps9/Rpl4/Rps5/Mrpl32/Rpl18a/Rpl37/Rps19/Rpl6/Rpl26/Mrps2/Rpl15/Rpl8/Rps16/Rps24/Rpl14/Rps23/Rpl11/Rps6/Rpl24/Rpl13a/Rps27a/Rpsa/Rps7/Rpl36al1/Mrpl21/Rpl22/Rpl30l1/Rps11/Rps15/Rpl7a/Rps8/Rpl35/Rpl28/Rpl18/Mrpl1/Rpl30/Rps4x/Rpl35a/Rplp2/Mrps7/Rpl19/Mrpl28/Rpl13/Rpl3/Mrpl17/Rpl29/Mrpl4/Rpl23/Rpl10/Mrpl35/Rps14/Rpl37a/Rpl31/Rplp1/Mrpl19/Mrps18c/Mrpl20/Rpl23a/Rps3a/Mrpl22/Uba52/Fau/Mrpl10/Mrpl16/Mrps11/Rpl5/Mrps12/Rps29","Enriched"
"3","Control_T","rno04110","Cell cycle",147,0.578008293852648,2.31983701986581,1e-10,5.56666666666667e-09,4.07017543859649e-09,2748,"tags=48%, list=19%, signal=39%","Cdkn2a/Cdkn1a/Ccne1/Myc/Orc1/Mcm3/Mcm5/Ccnd2/Ccne2/Cdkn1c/Trip13/Cdk1/Mcm6/Ppp2r1b/Cdt1/Mad2l1/Plk1/Cdc14b/Mcm7/Sfn/Ticrr/Mcm4/Ccnb1/Mcm2/Pcna/E2f2/Aurkb/Chek1/Cdca5/Cdk4/Knl1/Ttk/Cdc20/Cdc45/Cdc6/Ccna2/Bub1b/Gadd45g/E2f3/Orc6/Dbf4/Pkmyt1/Ndc80/Esco2/Ywhag/Bub1/Tp53/Mtbp/Ccnb2/Atr/Espl1/Chek2/Fbxo5/Sgo1/Skp2/Pttg1/Smad2/Tfdp1/Cdc25b/Tgfb1/Ccnd1/Ywhae/Cdk6/Mad2l1bp/Ywhah/Pds5a/Ywhaz/Anapc10/Mad1l1/Rbl1/Skp1","Enriched"
"4","Control_T","rno04621","NOD-like receptor signaling pathway",154,0.570344272827949,2.28962565333654,1e-10,5.56666666666667e-09,4.07017543859649e-09,900,"tags=18%, list=6%, signal=17%","Cxcl3/Defal1/Defa6/Defa9/Defa24/Defa8/Cxcl2/Nlrp12/Cxcl1/Oas2/RatNP-3b/Oas1b/Tnf/Oas1i/Il1b/Oas1a/Sting1/Irf7/Ccl12/Ripk3/Oas3/Il6/Gbp4/Casp4/Irgm/Hsp90aa1/Tnfaip3/Cyba","Enriched"
"5","Control_T","rno04820","Cytoskeleton in muscle cells",188,-0.656719807735276,-1.87012370919064,1e-10,5.56666666666667e-09,4.07017543859649e-09,2254,"tags=48%, list=16%, signal=41%","Daam2/Vcl/Col6a3/Sun2/Itgb3/Ank3/Syne2/Pdlim2/Col11a2/Col6a4/Ankrd1/Col1a1/Fn1/Col6a2/Dcn/Sdc3/Col5a3/Col6a1/Tmod4/Acta1/Col4a5/Sdc2/Bgn/Tpm1/Tnnt3/Vim/Col5a1/Col1a2/Col3a1/Itga9/Col6a5/Col24a1/Pdlim3/Itga5/Myoz1/Sgce/Col27a1/Eno2/Col9a2/Comp/Mypn/Mybpc1/Sptbn5/Eln/Pdlim4/Col4a6/Fbln1/Fbn1/Syne1/Xirp1/Col11a1/Itga1/Lama2/Col4a3/Thbs3/Atp1b2/Myom3/Csrp1/Mybpc2/Fhl1/Itga7/Actn2/Tcap/Sgcg/Col6a6/Ank2/Ldb3/Tmod2/Dtna/Sspn/Sgca/Tmod1/Myh2/Obscn/Myom1/Flnc/Myl9/Tpm2/Sgcd/Lmod1/Fbln2/Des/Synpo2/Actg2/Myh11/Atp1a2/Trim63/Myom2/Myl1/Ckm","Suppressed"
"6","Control_T","rno04080","Neuroactive ligand-receptor interaction",181,-0.6525972599896,-1.8552671577218,1e-10,5.56666666666667e-09,4.07017543859649e-09,2387,"tags=51%, list=17%, signal=43%","Gzma/Avpr1a/Tbxa2r/Lpar3/S1pr1/Grik5/Htr2a/Paqr6/Thrb/P2ry4/Npw/Pdyn/Thra/Calcrl/Chrne/Gria3/Grin2d/Cysltr1/P2rx2/Lypd6/Chrna10/Pyy/S1pr3/Chrnb2/Agt/Sstr2/Hrh3/Crhr2/Npy1r/Adora2b/Prlh/Lpar1/P2rx7/Grpr/Apela/Ptger3/Adrb1/Ptger1/Grin1/Chrm1/Vipr2/Vgf/Gcgr/Lpar4/Cnr1/Pth1r/Gcg/Agtr1a/Ppy/Lepr/P2rx5/Tacr1/Trpv1/Htr2b/P2rx1/Galr2/Adra1d/Ptgfr/Nmu/Adora1/Ghrl/Adcyap1r1/Prlr/Edn2/Glra1/Grid1/Chrm4/Tacr3/Chrna5/Galr1/Grik3/Tshr/Gal/Tac3/Penk/Chrnb4/Chrnb3/Mtnr1a/Oprl1/Vip/Gabra3/Sst/Grik2/Lep/Ntsr1/Adrb3/Chrna6/Oxtr/Npy4r/Tacr2/Grp/Chrna3","Suppressed"
"7","Control_T","rno04020","Calcium signaling pathway",190,-0.620943968704278,-1.76529764076483,1.14674249600043e-09,5.47159990948777e-08,4.00066554995639e-08,2718,"tags=44%, list=19%, signal=36%","Slc25a4/P2rx6/Prkca/Hrh1/Prkcg/Stim1/Vegfb/Pdgfa/Gnal/Cd38/Avpr1a/Tbxa2r/Slc8a2/Htr2a/Flt4/Fgfr3/Nfatc4/Slc8a1/Adcy9/Atp2a3/Itpkb/Plcd4/Fgfr1/Grin2d/Cacna1a/Cysltr1/Itpr1/P2rx2/Fgf1/Gna14/Adcy1/Fgf2/Camk2g/Adora2b/P2rx7/Grpr/Plcd1/Cacna1d/Pde1c/Pdgfd/Ptger3/Hrc/Cacna1g/Adrb1/Ryr2/Ptger1/Gdnf/Grin1/Egf/Chrm1/Ngf/Agtr1a/Plcb1/P2rx5/Tacr1/Mst1/Htr2b/P2rx1/Camk2a/Cacna1b/Adra1d/Ret/Vegfd/Ptgfr/Atp2b4/Cacna1h/Pde1b/Mylk/Phkg1/Tacr3/Cacna1c/Ntrk2/Ntrk3/Atp2b2/Atp2b3/Nos1/Cacna1e/Sln/Ntsr1/Adrb3/Oxtr/Tacr2/Ryr3","Suppressed"
"8","Control_T","rno05150","Staphylococcus aureus infection",49,0.733037358457152,2.49128453346001,2.68902295832394e-09,1.12266708510025e-07,8.20859639909414e-08,441,"tags=29%, list=3%, signal=28%","Krt36/Krt39/Defal1/Defa6/Defa9/Defa24/Defa8/Cfi/Plg/RatNP-3b/Krt17/C3/Fcgr3a/Krt18","Enriched"
"9","Control_T","rno03008","Ribosome biogenesis in eukaryotes",73,0.654799194559262,2.38915736868915,4.08879988552043e-09,1.51739906862647e-07,1.10947552449209e-07,3617,"tags=75%, list=25%, signal=57%","Rn5-8s/Rn18s/Heatr1/Fbl/Nxt1/Ran/Nop58/Nop56/Rcl1/Gar1/Utp18/Nhp2/Gtpbp4/Pop1/Utp4/Wdr43/Utp15/Emg1/Gnl3/Rbm28/Snu13/Mdn1/Rpp38/Pwp2/Tbl3/Rpp40/Utp14a/Wdr36/Rpp25/Mphosph10/Ak6/Pop4/Nob1/Riok2/Nat10/Gnl2/Tcof1/Nmd3/Wdr3/Xpo1/Xrn2/Imp3/Wdr75/Fcf1/Csnk2b/Imp4/Nop10/Lsg1/Utp6/Pop7/Gnl3l/Afg2a/Csnk2a2/Nvl/Dkc1","Enriched"
"10","Control_T","rno04024","cAMP signaling pathway",168,-0.624593101961482,-1.76399000687199,3.49434108190584e-08,1.16710992135655e-06,8.53354874739111e-07,2295,"tags=36%, list=16%, signal=31%","Pde3a/Rapgef4/Hcn2/Creb3l4/Npr1/Creb3l2/Adcy9/Atp2a3/Gli1/Pde10a/Gria3/Grin2d/Pde3b/Rapgef3/Ffar2/Ppp1r12a/Creb3l1/Lipe/Akt3/Vav2/Sstr2/Adcy1/Camk2g/Crhr2/Npy1r/Ppara/Cacna1d/Adcy10/Ptger3/Adrb1/Ryr2/Grin1/Mapk10/Chrm1/Vipr2/Pde4c/Gcg/Gli3/Atp1b2/Camk2a/Hcar1/Adora1/Atp2b4/Ghrl/Adcyap1r1/Edn2/Adcy5/Fxyd1/Cacna1c/Myl9/Tshr/Popdc3/Popdc2/Atp2b2/Atp1a2/Bves/Cnga3/Atp2b3/Vip/Sst/Oxtr","Suppressed"
"11","Control_T","rno04261","Adrenergic signaling in cardiomyocytes",121,-0.650719719561439,-1.81385900521532,6.07508059715434e-08,1.84461538131777e-06,1.34872602731082e-06,2930,"tags=47%, list=21%, signal=38%","Adcy4/Myl4/Pik3r6/Fxyd2/Ppp2r3a/Prkca/Creb5/Rps6ka5/Kcnk2/Slc8a2/Rapgef4/Scn5a/Creb3l4/Mapk12/Creb3l2/Mapk11/Slc8a1/Adcy9/Atp2a3/Rapgef3/Creb3l1/Akt3/Tpm1/Cacna2d2/Agt/Adcy1/Camk2g/Scn1b/Ppp1r1a/Cacna1d/Adrb1/Ryr2/Agtr1a/Plcb1/Atp1b2/Camk2a/Cacnb1/Adra1d/Cacnb2/Cacng4/Atp2b4/Cacna2d1/Cacna2d3/Adcy5/Ppp2r2c/Cacna1c/Scn4b/Tpm2/Popdc3/Cacng7/Popdc2/Atp2b2/Atp1a2/Bves/Cacnb4/Scn7a/Atp2b3","Suppressed"
"12","Control_T","rno05171","Coronavirus disease - COVID-19",195,0.452256206521526,1.90299257564466,8.00400950605923e-08,2.22778264585315e-06,1.62888614509276e-06,3165,"tags=54%, list=22%, signal=42%","Oas2/Csf3/Mmp3/Rps15al2/Mx2/Oas1b/C3/Tnf/Oas1i/Cxcl10/Il1b/Oas1a/Sting1/Ccl12/Tlr2/Rpl6-ps6/Oas3/Rps12l2/Il6/Hbegf/Rps12l3/Rps15al4/Cgas/Mx1/Rsl24d1/Rpl27l1/Fos/Il12b/Rps27l/Rpl22l1/Rps20/Rpl9/Tmprss2/Nfkbia/Selp/Rps12/Nfkbib/Rps18/Rpl37l1/Rpl31l2/Eif2ak2/Rps17/Rpl32/Rpl39/Rps15a/Rps3/Rpl38/Rps2/Rps21/Rpl27/Rpl10a/Rpl17/Rps10/Rpl12/Rps25/Rplp0/Rps13/Rpl34/Rps28/Rps9/Rpl4/Rps5/Rpl18a/Rpl37/Rps19/Rpl6/Rpl26/Rpl15/Traf3/Rpl8/Rps16/Rps24/Rpl14/Rps23/Rpl11/Rps6/Stat2/Ikbke/Rpl24/Rpl13a/Rps27a/Stat1/Rpsa/Rps7/Rpl36al1/Rpl22/Pik3cb/Adar/Rpl30l1/Rps11/Ifih1/Rps15/Rpl7a/Rps8/Rpl35/Egfr/Rpl28/Rpl18/Rpl30/Rps4x/Rpl35a/Nfkb1/Rplp2/Rpl19/Rpl13","Enriched"
"13","Control_T","rno05162","Measles",116,0.512127489304055,1.98914810016514,4.46630639100742e-07,1.14749718045883e-05,8.39014641873459e-06,2853,"tags=41%, list=20%, signal=33%","Oas2/Il1a/Mx2/Oas1b/Oas1i/Il1b/Oas1a/Irf7/Tlr2/Oas3/Ccne1/Il6/Cd3g/Ccnd2/Ccne2/Mx1/Bid/Slamf1/Cd3d/Tnfaip3/Fos/Il12b/Cd3e/Cdk4/Eif2s1/Cblb/Bcl2l1/Tp53/Nfkbia/Nfkbib/Eif2ak2/Il2ra/Bax/Cd28/Hspa8/Rack1/Casp8/Bak1/Ccnd1/Cdk6/Traf3/Stat2/Ikbke/Stat1/Pik3cb/Adar/Ifih1/Csnk2b","Enriched"
"14","Control_T","rno05169","Epstein-Barr virus infection",184,0.436260093074413,1.79368604211009,6.69140318114059e-07,1.59637761607211e-05,1.16722220904107e-05,2785,"tags=37%, list=19%, signal=30%","Oas2/Fcer2/Oas1b/Tnf/Oas1i/Cxcl10/Oas1a/Irf7/Tlr2/Oas3/Cdkn1a/Ccne1/Il6/Cd3g/Myc/Rbpjl/Ccnd2/Ccne2/Bid/Cd3d/Cd44/Tnfaip3/Blnk/Cd3e/Tap1/E2f2/Cdk4/Ccna2/Gadd45g/E2f3/Runx3/Psmd14/Itgal/Tp53/Nfkbia/Nfkbib/Eif2ak2/Lyn/RT1-M2/Bcl2l11/Skp2/Sap30/Bax/Psmd8/Psmc6/Psmd2/RT1-T24-1/Nfkbie/Psmd1/Casp8/Cd247/Bak1/Psmd3/RT1-S3/Ccnd1/Cdk6/Adrm1/Psmd12/Cd40/Traf3/Stat2/Ikbke/Icam1/Psmd11/Stat1/Pik3cb/Psmc2/Psmc3","Enriched"
"15","Control_T","rno03050","Proteasome",40,0.713325098154482,2.35694329056489,8.35390330041001e-07,1.86013580155796e-05,1.36007408118956e-05,3830,"tags=95%, list=27%, signal=70%","Psmb8/Psmd14/Psma5/Psmb9/Psma3/Psma6/Psmd8/Psmc6/Psmd2/Psmb5/Psmb6/Psme2/Psmd1/Psmd3/Psmb2/Psma1/Psmb7/Adrm1/Psma2/Psmb4/Psmd12/Pomp/Psmd11/Psmc2/Psmc3/Psmf1/Psma4/Psmb3/Psmc1/Psmc4/Psme4/Psmc5/Psmb1/Psme1/Psmd13/Psmd4/Psmd7/Psma7","Enriched"
"16","Control_T","rno03040","Spliceosome",124,0.497112295007928,1.99221326191203,1.12000306454603e-06,2.33800639723984e-05,1.70947836167552e-05,3825,"tags=58%, list=27%, signal=43%","Ppil1/Snrpg/Lsm2/Snrpa/Snu13/Alyref/Eftud2/Snrpd2/Sf3b3/Snrpd1/Snrpb/Snrnp40/Snrpd3/Hnrnpa1/Lsm7/Snrpf/Hspa8/Snrpc/Snrpa1/Magoh/Eif4a3/Usp39/Bcas2/Lsm4/Snrpb2/Prpf31/Lsm3/Hnrnpc/Prpf4/Sf3b5/Ncbp1/Lsm5/Pcbp1/Ctnnbl1/Ppih/Srsf3/Prpf19/Dhx15/Thoc3/Lsm8/Sf3a2/Bud31/Rbm8a/Snrpe/Phf5a/Srsf10/Ppie/U2af1/Plrg1/Sf3b6/Aqr/Sf3a3/Prpf40a/Tra2b/Srsf1/Isy1/Sf3a1/Hnrnpa3/Cherp/Tra2a/Lsm6/Rbm17/Rbm22/Prpf38a/Srsf7/Thoc1/Hnrnpk/Tcerg1/Snrnp200/Sf3b4/Hnrnpm/Sf3b2","Enriched"
"17","Control_T","rno04668","TNF signaling pathway",111,0.499272011290836,1.92603665653153,2.83262320403232e-06,5.25608972303776e-05,3.84309113061695e-05,1027,"tags=21%, list=7%, signal=19%","Cxcl3/Cxcl6/Cxcl2/Cxcl1/Mmp3/Mmp9/Tnf/Cxcl10/Il1b/Ccl12/Ptgs2/Ripk3/Il6/Socs3/Bcl3/Ccl20/Tnfrsf1b/Tnfaip3/Fos/Lif/Pgam5/Rhbdf2/Junb","Enriched"
"18","Control_T","rno05164","Influenza A",131,0.467409902217576,1.85930707831322,2.82189747922187e-06,5.25608972303776e-05,3.84309113061695e-05,2797,"tags=34%, list=20%, signal=27%","Plg/Oas2/Il1a/Mx2/Oas1b/Tnf/Oas1i/Cxcl10/Il1b/Oas1a/Irf7/Ccl12/Oas3/Rsad2/Il6/Socs3/Mx1/Bid/Nxt1/Il12b/Actg1/Cdk4/Eif2s1/Tmprss2/Nfkbia/Nfkbib/Eif2ak2/Trim25/Pml/Bax/Dnajb1/Fdps/Casp8/Bak1/Cdk6/Xpo1/Traf3/Stat2/Ikbke/Icam1/Stat1/Pik3cb/Adar/Ifih1","Enriched"
"19","Control_T","rno04713","Circadian entrainment",79,-0.656373490695621,-1.74728128868726,3.33363315040379e-06,5.86017616965719e-05,4.28478055896775e-05,2072,"tags=52%, list=15%, signal=45%","Prkca/Rasd1/Rps6ka5/Prkcg/Gng13/Gucy1a2/Prkg2/Per1/Adcy9/Gng7/Per3/Gria3/Grin2d/Gng11/Itpr1/Gnb3/Adcy1/Camk2g/Gnb5/Gng3/Cacna1d/Kcnj5/Adcy10/Cacna1g/Ryr2/Grin1/Gnao1/Gucy1b1/Gucy1a1/Gng8/Plcb1/Camk2a/Kcnj3/Adcyap1r1/Cacna1h/Adcy5/Prkg1/Cacna1c/Mtnr1a/Nos1/Ryr3","Suppressed"
"20","Control_T","rno05323","Rheumatoid arthritis",71,0.588255809814512,2.12719927733844,5.31579658690795e-06,8.87738030013628e-05,6.49086741138234e-05,615,"tags=25%, list=4%, signal=24%","Cxcl3/Cxcl6/Cxcl2/Il17a/Cxcl1/Il1a/Mmp3/Tnf/Il1b/Il23a/Ccl3/Ccl12/Tlr2/Tnfsf11/Il6/Ctla4/Ccl20/Ltb","Enriched"
"21","Control_T","rno05412","Arrhythmogenic right ventricular cardiomyopathy",71,-0.673020666923392,-1.77272425077991,1.05269587316475e-05,0.000167428772208108,0.00012241876820763,1578,"tags=42%, list=11%, signal=38%","Cacna2d2/Itga9/Cdh2/Itga5/Ctnna2/Sgce/Tcf7l1/Cacna1d/Ryr2/Itga1/Lama2/Cav3/Cacnb1/Itga7/Cacnb2/Actn2/Cacng4/Sgcg/Cacna2d1/Dtna/Cacna2d3/Sspn/Sgca/Cacna1c/Ctnna3/Sgcd/Des/Cacng7/Cacnb4/Nos1","Suppressed"
"22","Control_T","rno04728","Dopaminergic synapse",107,-0.61043513096628,-1.68325943873918,1.23280742034363e-05,0.000187162581088533,0.00013684752225824,2726,"tags=36%, list=19%, signal=29%","Ppp2r3a/Prkca/Creb5/Prkcg/Gnal/Gng13/Slc18a2/Creb3l4/Mapk12/Creb3l2/Mapk11/Gng7/Gria3/Cacna1a/Gng11/Creb3l1/Itpr1/Akt3/Gnb3/Camk2g/Gnb5/Kif5c/Gng3/Cacna1d/Kcnj5/Gnao1/Mapk10/Gng8/Plcb1/Camk2a/Cacna1b/Kcnj3/Adcy5/Ppp2r2c/Kif5a/Cacna1c/Maob/Caly","Suppressed"
"23","Control_T","rno04725","Cholinergic synapse",93,-0.63422212439658,-1.72521736052914,1.49119350718584e-05,0.000216547231043509,0.000158332674447192,2029,"tags=39%, list=14%, signal=33%","Creb3l4/Creb3l2/Adcy9/Gng7/Cacna1a/Gng11/Creb3l1/Itpr1/Akt3/Gnb3/Chrnb2/Adcy1/Camk2g/Gnb5/Gng3/Cacna1d/Gnao1/Chrm1/Ache/Gng8/Plcb1/Kcnq3/Kcnq5/Camk2a/Cacna1b/Chat/Kcnj3/Kcnj12/Adcy5/Chrm4/Kcnq4/Cacna1c/Chrnb4/Chrna6/Slc5a7/Chrna3","Suppressed"
"24","Control_T","rno03030","DNA replication",34,0.704778093347318,2.18823983960593,1.72143464855791e-05,0.00023956632192431,0.000175163525642735,2609,"tags=71%, list=18%, signal=58%","Mcm3/Mcm5/Mcm6/Pole2/Mcm7/Mcm4/Mcm2/Pcna/Fen1/Pole/Rfc5/Rfc2/Pola1/Rnaseh2b/Rfc4/Prim2/Pold1/Pold2/Rpa2/Rfc3/Prim1/Pola2/Lig1/Pole3","Enriched"
"25","Control_T","rno05414","Dilated cardiomyopathy",79,-0.638474148503781,-1.69963282918219,1.88087572495027e-05,0.000251284996853356,0.000183731860289879,2068,"tags=47%, list=14%, signal=40%","Itgb3/Slc8a1/Adcy9/Atp2a3/Igf1/Tpm1/Cacna2d2/Itga9/Itga5/Agt/Adcy1/Sgce/Cacna1d/Adrb1/Ryr2/Tgfb3/Itga1/Lama2/Cav3/Cacnb1/Itga7/Cacnb2/Cacng4/Sgcg/Cacna2d1/Dtna/Cacna2d3/Sspn/Adcy5/Sgca/Cacna1c/Tpm2/Sgcd/Des/Cacng7/Cacnb4/Nos1","Suppressed"
"26","Control_T","rno05410","Hypertrophic cardiomyopathy",75,-0.654966938575015,-1.73685467713811,3.00156026773451e-05,0.000385585049778202,0.000281927927981541,2623,"tags=53%, list=18%, signal=44%","Itga2b/Snta1/Prkaa2/Tgfb2/Slc8a2/Ace/Itgb3/Slc8a1/Atp2a3/Prkab2/Igf1/Tpm1/Cacna2d2/Itga9/Itga5/Agt/Sgce/Cacna1d/Ryr2/Tgfb3/Itga1/Lama2/Cav3/Cacnb1/Itga7/Cacnb2/Cacng4/Sgcg/Cacna2d1/Dtna/Cacna2d3/Sspn/Sgca/Cacna1c/Tpm2/Sgcd/Des/Cacng7/Cacnb4/Nos1","Suppressed"
"27","Control_T","rno05166","Human T-cell leukemia virus 1 infection",203,0.38933184893476,1.58933023553755,3.28379748789757e-05,0.000406217911465848,0.000297014041790346,2326,"tags=27%, list=16%, signal=23%","Mmp7/Adcy8/Cdkn2a/Msx2/Fosl1/Msx1/Tnf/Il1r2/Cdkn1a/Ccne1/Il6/Cd3g/Myc/Ccnd2/Ccne2/Mad2l1/Cd3d/Ets2/Fos/Cd3e/Ran/E2f2/Tcf3/Chek1/Cdk4/Cdc20/Ccna2/Bub1b/Ranbp1/E2f3/Bcl2l1/Egr1/Itgal/Slc2a1/Tp53/Tert/Ccnb2/Nfkbia/Atr/Espl1/Chek2/Nras/RT1-M2/Il2ra/Bax/Pttg1/Smad2/Fdps/Tgfbr1/RT1-T24-1/Tgfb1/RT1-S3/Ccnd1/Kat2a/Xpo1","Enriched"
"28","Control_T","rno05146","Amoebiasis",83,0.499832091054986,1.87850436058231,3.71578134081593e-05,0.000443239631368758,0.000324083184612518,600,"tags=22%, list=4%, signal=21%","Serpinb13/Serpinb3/Serpinb3a/Cxcl3/Nos2/Cxcl2/Cxcl1/Prdx1l1/Tnf/Arg1/Il1b/Lamc2/Il1r2/Tlr2/Il6/Prdx1/Arg2/Lama1","Enriched"
"29","Control_T","rno04060","Cytokine-cytokine receptor interaction",188,0.39486061552089,1.62489250403026,4.42711644908947e-05,0.000509881687584787,0.000372809806239113,1595,"tags=32%, list=11%, signal=29%","Cxcl3/Cxcl6/Cxcl2/Il17a/Cxcl1/Il17c/Il1a/Csf3/Il1rn/Tnf/Tnfrsf19/Tnfrsf9/Cxcl10/Il1b/Cxcr2/Il23a/Ccl3/Osm/Ccl12/Csf3r/Il22/Il1r2/Tnfsf11/Tnfrsf12a/Ccr7/Il6/Ccr4/Inhbb/Tnfrsf4/Ccl17/Ccl20/Ltb/Il20ra/Ccl4/Ccl22/Thpol1/Tnfrsf1b/Tnfrsf18/Il1rap/Cxcr6/Cxcl16/Ebi3/Il12b/Tnfrsf11b/Lif/Inhba/Tnfrsf13b/Cxcr4/Tnfrsf17/Il18rap/Ccr6/Il7r/Il1rl1/Tnfrsf8/Crlf2/Il21r/Tnfrsf25/Cx3cl1/Ccl25/Csf2rb","Enriched"
"30","Control_T","rno03013","Nucleocytoplasmic transport",96,0.48502953474573,1.84555551636734,4.75160722760467e-05,0.000529012271339986,0.000386797500633082,3584,"tags=57%, list=25%, signal=43%","Rangap1/Nxt1/Nup205/Ran/Nup43/Ndc1/Aaas/Nup133/Ipo5/Nup85/Nup155/Ipo7/Nup107/Alyref/Nup93/Cse1l/Xpot/Nup210/Xpo5/Rnps1/Thoc7/Nup62/Magoh/Eif4a3/Nup188/Nmd3/Nup35/Xpo4/Kpna3/Xpo1/Ncbp1/Ipo4/Kpnb1/Nup160/Ipo8/Ipo9/Nup153/Sumo1/Thoc3/Pom121/Thoc5/Thoc6/Tnpo1/Kpna4/Nup54/Rbm8a/Kpna2/Tnpo3/Upf1/Nup98/Rae1/Nup88/Eef1a1/Thoc1/Xpo6","Enriched"
"31","Control_T","rno04974","Protein digestion and absorption",76,-0.627755491789559,-1.66796967591875,8.10102156387174e-05,0.000872819742688116,0.00063817894832538,2855,"tags=59%, list=20%, signal=48%","Kcnk5/Fxyd2/Slc36a4/Slc16a10/Col15a1/Col5a2/Slc8a2/Col6a3/Slc8a1/Col11a2/Col6a4/Col1a1/Col6a2/Col5a3/Col6a1/Col4a5/Col16a1/Col5a1/Col1a2/Col3a1/Col6a5/Col24a1/Col8a1/Slc9a3/Col20a1/Slc7a15/Xpnpep2/Col27a1/Col9a2/Col28a1/Eln/Col4a6/Col8a2/Cpa3/Col11a1/Mep1a/Pga5/Col4a3/Atp1b2/Col25a1/Ace2/Col6a6/Col14a1/Slc6a19/Atp1a2","Suppressed"
"32","Control_T","rno04925","Aldosterone synthesis and secretion",80,-0.630366997049431,-1.68091419493383,8.94716410697989e-05,0.000933860253666026,0.000682809892374781,2664,"tags=41%, list=19%, signal=34%","Prkca/Prkd3/Creb5/Prkcg/Creb3l4/Npr1/Creb3l2/Adcy9/Creb3l1/Itpr1/Lipe/Agt/Adcy1/Camk2g/Cacna1d/Kcnj5/Hsd3b1/Cacna1g/Hsd3b3/Hsd3b2/Agtr1a/Pde2a/Plcb1/Atp1b2/Camk2a/Kcnk3/Atp2b4/Cacna1h/Adcy5/Cacna1c/Atp2b2/Atp1a2/Atp2b3","Suppressed"
"33","Control_T","rno04022","cGMP-PKG signaling pathway",128,-0.57410480899682,-1.60404118393521,0.000102921055518286,0.00104168583463962,0.000761648640518099,2930,"tags=41%, list=21%, signal=33%","Adcy4/Rgs2/Nos3/Pik3r6/Kcnmb4/Fxyd2/Slc25a4/Creb5/Mef2c/Slc8a2/Pde3a/Creb3l4/Nfatc4/Npr1/Gucy1a2/Prkg2/Creb3l2/Slc8a1/Adcy9/Atp2a3/Pde3b/Ppp1r12a/Creb3l1/Pde5a/Itpr1/Akt3/Npr2/Adcy1/Cacna1d/Irs3/Adrb1/Kcnj8/Gucy1b1/Gucy1a1/Kcnma1/Agtr1a/Pde2a/Plcb1/Irag1/Atp1b2/Adra1d/Adora1/Atp2b4/Mylk/Adcy5/Prkg1/Kcnmb1/Cacna1c/Myl9/Atp2b2/Atp1a2/Atp2b3/Adrb3","Suppressed"
"34","Control_T","rno00970","Aminoacyl-tRNA biosynthesis",42,0.611651083138235,2.0097120461083,0.00011025003448589,0.00108304445642022,0.000791888792592154,3394,"tags=64%, list=24%, signal=49%","Vars1/Yars1/Farsb/Tars1/Iars1/Rars1/Nars1/Mars1/Farsa/Lars1/Cars1/Gars1/Sars1/Eprs1/Aars1/Nars2/Kars1/Dars1/Yars2/Lars2/Fars2/Pars2/Hars1/Vars2/Mars2/Wars1/Ears2","Enriched"
"35","Control_T","rno05202","Transcriptional misregulation in cancer",156,0.407496958497078,1.61842814579874,0.000137026107442501,0.00130762056816558,0.000956091937643915,1887,"tags=29%, list=13%, signal=25%","Defal1/Defa6/Defa9/Defa24/Defa8/RatNP-3b/Mmp3/Six4/Mmp9/Hmga2/Il1r2/Cdkn1a/Mycn/Il6/Myc/Mlf1/Cdk14/Etv4/Ccnd2/Hoxa9/Plat/Runx1/Nfkbiz/Bcl2a1/Rel/Tcf3/Arnt2/Ccna2/Gadd45g/Runx1t1/Hist1h2ail1/Bcl2l1/Aspscr1/Tmprss2/Tp53/Dusp6/H3c13/Runx2/Nsd2/Cd86/Plau/Pml/Bcl11b/Bax/Jup","Enriched"
"36","Control_T","rno03420","Nucleotide excision repair",55,0.562232756991034,1.88884192817133,0.000176127025640849,0.00163406740455676,0.00119477982306073,4992,"tags=75%, list=35%, signal=49%","Pole2/Pcna/Pole/Rfc5/Rfc2/Rfc4/Pold1/Pold2/Rpa2/Rfc3/Polr2d/Polr2g/Mnat1/Lig1/Gtf2h1/Rad23b/Pole3/Polr2k/Ercc1/Ddb1/Polr2b/Polr2c/Ercc4l1/Gtf2h3/Ercc2/Polr2a/Pold3/Cul4b/Ercc3/Rfc1/Rad23a/Gtf2h2/Rpa1/Gtf2h4/Pold4/Cdk7/Polr2e/Pole4/Polr2j/Polr2f/Ercc8","Enriched"
"37","Control_T","rno04961","Endocrine and other factor-regulated calcium reabsorption",43,-0.693701424280639,-1.71625661401109,0.000207416468902398,0.00187235407063246,0.00136900770370857,2780,"tags=42%, list=19%, signal=34%","Fxyd2/Prkca/Prkcg/Vdr/Slc8a2/Slc8a1/Adcy9/Dnm1/Klk1b3/Pth1r/Dnm3/Plcb1/Atp1b2/Atp2b4/Atp2b2/Atp1a2/Atp2b3/Calb1","Suppressed"
"38","Control_T","rno04921","Oxytocin signaling pathway",120,-0.578180081370324,-1.61079112869713,0.000221043027999143,0.00194285187767668,0.00142055353173964,3071,"tags=42%, list=21%, signal=33%","Adcy7/Pla2g4c/Cacnb3/Myl6/Adcy4/Rgs2/Nos3/Pik3r6/Prkca/Prkcg/Rcan1/Prkaa2/Mef2c/Cd38/Nfatc4/Npr1/Gucy1a2/Adcy9/Prkab2/Ppp1r12a/Itpr1/Cacna2d2/Npr2/Adcy1/Camk2g/Cacna1d/Kcnj5/Ppp1r12c/Ryr2/Gnao1/Gucy1b1/Gucy1a1/Plcb1/Camk2a/Cacnb1/Cacnb2/Kcnj3/Cacng4/Cacna2d1/Kcnj12/Cacna2d3/Ppp1r12b/Mylk/Adcy5/Cacna1c/Myl9/Cacng7/Cacnb4/Oxtr/Ryr3","Suppressed"
"39","Control_T","rno04061","Viral protein interaction with cytokine and cytokine receptor",67,0.50522906351221,1.78568599937683,0.000230744282368588,0.00194933739662456,0.0014252955437028,705,"tags=27%, list=5%, signal=26%","Cxcl3/Cxcl6/Cxcl2/Cxcl1/Tnf/Cxcl10/Cxcr2/Ccl3/Ccl12/Ccr7/Il6/Ccr4/Ccl17/Ccl20/Il20ra/Ccl4/Ccl22/Tnfrsf1b","Enriched"
"40","Control_T","rno05160","Hepatitis C",128,0.413366816513063,1.63536397848695,0.000233453580434079,0.00194933739662456,0.0014252955437028,2747,"tags=34%, list=19%, signal=28%","Oas2/Mx2/Oas1b/Tnf/Oas1i/Cldn6/Cxcl10/Oas1a/Irf7/Oas3/Cdkn1a/Rsad2/Cldn4/Socs3/Myc/Ifit1bl/Mx1/Bid/Ppp2r1b/E2f2/Cdk4/Eif2s1/E2f3/Ywhag/Tp53/Nfkbia/Eif2ak2/Nras/Bax/Ctnnb1/Casp8/Bak1/Ccnd1/Ywhae/Cdk6/Ywhah/Ocln/Ywhaz/Traf3/Stat2/Ikbke/Stat1/Eif3e/Pik3cb","Enriched"
"41","Control_T","rno03410","Base excision repair",42,0.587153888229848,1.92922120899468,0.000291379448791687,0.00237367648527862,0.00173555923285421,4216,"tags=64%, list=30%, signal=45%","Polg/Pole2/Pcna/Neil3/Fen1/Apex1/Pole/Rfc5/Rfc2/Rfc4/Tdg/Pold1/Pold2/Rfc3/Parg/Tdp1/Lig1/Pole3/Ung/Hmgb1/Smug1/Adprs/Parp1/Pold3/Polb/Rfc1/Nthl1","Enriched"
"42","Control_T","rno04726","Serotonergic synapse",83,-0.59474682398621,-1.59535103255037,0.000379297865529985,0.00301632112111941,0.00220544122313174,2664,"tags=43%, list=19%, signal=35%","Prkca/Cyp2d2/Prkcg/Gng13/Cyp2d4/Htr2a/Slc18a2/Cyp2j4/Slc6a4/Gng7/Cacna1a/Rapgef3/Gng11/Itpr1/Cyp2c55/Gnb3/Gnb5/Cyp2d3/Gng3/Alox5/Cacna1d/Kcnj5/Gnao1/Cyp2d5/Gng8/Plcb1/Htr2b/Cacna1b/Kcnj3/Adcy5/Cacna1c/Maob/Kcnn2/Cyp2c24/Htr3a/Htr3b","Suppressed"
"43","Control_T","rno03440","Homologous recombination",38,0.612729589692986,1.96489522361146,0.000484417464963704,0.00376268449529947,0.00275115916454295,4060,"tags=61%, list=28%, signal=43%","Rad51/Rad54l/Brip1/Rad54b/Eme1/Blm/Rad51c/Brca1/Xrcc2/Pold1/Pold2/Rpa2/Bard1/Topbp1/Palb2/Rbbp8/Rad51b/Xrcc3/Ssbp1/Brca2/Pold3/Babam1/Mre11","Enriched"
"44","Control_T","rno04929","GnRH secretion",49,-0.654671511338737,-1.64789685868905,0.000521236150468035,0.00395665623309826,0.00289298533274124,1625,"tags=29%, list=11%, signal=25%","Itpr1/Akt3/Gper1/Cacna1d/Kcnj5/Cacna1g/Kcnj11/Plcb1/Kcnn3/Kcnj3/Cacna1h/Trpc4/Cacna1c/Kcnn2","Suppressed"
"45","Control_T","rno04260","Cardiac muscle contraction",59,-0.633109299510811,-1.63587493362342,0.000540815195985762,0.00401405056576099,0.00293495030336133,3014,"tags=41%, list=21%, signal=32%","Cacnb3/Myl4/Fxyd2/Cox4i2/Slc9a7/Slc8a2/Slc8a1/Atp2a3/Tpm1/Cacna2d2/Cacna1d/Hrc/Ryr2/Atp1b2/Cacnb1/Cacnb2/Cacng4/Cacna2d1/Cacna2d3/Cacna1c/Tpm2/Cacng7/Atp1a2/Cacnb4","Suppressed"
"46","Control_T","rno04640","Hematopoietic cell lineage",73,0.471498445673449,1.72035029237387,0.00067872103732801,0.00492810492320772,0.00360327873364069,1888,"tags=37%, list=13%, signal=32%","Il1a/Csf3/Fcer2/Tnf/Il1b/Siglech/Csf3r/Il1r2/Gp5/Il6/Cd3g/Itga6/Thpol1/Mme/Cd3d/Cd44/Cd24/Cd3e/Cd2/Itga3/Il7r/Cd5/Cd55/Itga2/Il2ra/Tfrc/Cd9","Enriched"
"47","Control_T","rno04064","NF-kappa B signaling pathway",88,0.430853307854502,1.6358671591846,0.00124062499471429,0.00881635634541646,0.0064462485727596,2861,"tags=34%, list=20%, signal=27%","Cxcl3/Cxcl2/Cxcl1/Tnf/Il1b/Ptgs2/Tnfsf11/Ltb/Ccl4/Ppp1r13l/Card14/Tnfaip3/Blnk/Bcl2a1/Gadd45g/Bcl2l1/Nfkbia/Lyn/Trim25/Plau/Malt1/Lat/Cd40/Traf3/Icam1/Birc3/Zap70/Card10/Csnk2b/Card11","Enriched"
"48","Control_T","rno04310","Wnt signaling pathway",150,0.373496237970909,1.5037305966283,0.0013501858795996,0.00939504341221386,0.0068693667558576,579,"tags=16%, list=4%, signal=16%","Mmp7/Notum/Dkk1/Wnt7b/Wif1/Fosl1/Wnt10a/Lgr5/Vangl2/Fzd10/Fzd9/Lef1/Axin2/Wnt3/Apcdd1/Tcf7/Sfrp2/Lgr6/Nkd1/Myc/Rnf43/Bambi/Wnt6/Ccnd2","Enriched"
"49","Control_T","rno05340","Primary immunodeficiency",27,0.631637008178673,1.83748979225836,0.00209736433139946,0.0142963201364779,0.0104530295356536,2671,"tags=48%, list=19%, signal=39%","Icos/Cd3d/Blnk/Cd3e/Tap1/Ada/Tnfrsf13b/Il7r/Cd79a/Cd8b/Cd40/Ung/Zap70","Enriched"
"50","Control_T","rno03460","Fanconi anemia pathway",46,0.517921365564353,1.71678697603485,0.00240657956060404,0.0155286118667789,0.0113540433441308,1857,"tags=28%, list=13%, signal=25%","Rad51/Ube2t/Fancd2/Brip1/Fanci/Eme1/Blm/Rad51c/Fancg/Brca1/Atr/Rpa2/Palb2","Enriched"
"51","Control_T","rno04911","Insulin secretion",65,-0.60962890922655,-1.58623659224634,0.00238203135592735,0.0155286118667789,0.0113540433441308,3141,"tags=54%, list=22%, signal=42%","Kcnn4/Adcy7/Vamp2/Adcy4/Kcnmb4/Fxyd2/Prkca/Creb5/Prkcg/Rapgef4/Creb3l4/Trpm4/Creb3l2/Rab3a/Adcy9/Creb3l1/Adcy1/Camk2g/Cacna1d/Ryr2/Gcg/Kcnma1/Kcnj11/Plcb1/Abcc8/Atp1b2/Camk2a/Kcnn3/Adcyap1r1/Adcy5/Kcnmb1/Cacna1c/Snap25/Kcnn2/Atp1a2","Suppressed"
"52","Control_T","rno04380","Osteoclast differentiation",119,0.385253753604161,1.4862840139811,0.00241762819482785,0.0155286118667789,0.0113540433441308,1141,"tags=14%, list=8%, signal=13%","Nox1/Fosl1/Il1a/Tnf/Il1b/Tnfsf11/Lilrc2/Socs3/Fcgr3a/Socs1/Fos/Blnk/Tnfrsf11b/Cyba/Junb/Ncf1/Fhl2","Enriched"
"53","Control_T","rno03320","PPAR signaling pathway",62,-0.596294621590943,-1.55118770013134,0.00250071376034073,0.0157592150179963,0.0115226532750556,1842,"tags=47%, list=13%, signal=41%","Acadm/Acox1/Cyp27a1/Scp2/Acsbg2/Ilk/Ehhadh/Pltp/Slc27a6/Acaa1b/Fabp4/Cpt1c/Fabp3/Cyp8b1/Ppara/Acsl6/Sorbs1/Cd36/Slc27a2/Lpl/Fabp2/Hmgcs2/Fabp1/Apoa1/Pck1/Rxrg/Fabp6/Plin4/Plin1","Suppressed"
"54","Control_T","rno04115","p53 signaling pathway",69,0.458873667858086,1.62633647636601,0.00303316494980275,0.0184073864134131,0.0134589147428674,1603,"tags=35%, list=11%, signal=31%","Cdkn2a/Serpine1/Cdkn1a/Ccne1/Rrm2/Serpinb5/Ccnd2/Ccne2/Bid/Cdk1/Ppp1r13l/Gtse1/Sfn/Ccnb1/Thbs1/Pmaip1/Chek1/Cdk4/Gadd45g/Bcl2l1/Tp53/Ccnb2/Atr/Chek2","Enriched"
"55","Control_T","rno04970","Salivary secretion",65,-0.606322537531508,-1.5776335097959,0.00308626838069201,0.0184073864134131,0.0134589147428674,3141,"tags=51%, list=22%, signal=40%","Kcnn4/Adcy7/Vamp2/Adcy4/Fxyd2/Slc4a2/Prkca/Prkcg/Cd38/Dmbt1/Cst3/Gucy1a2/Prkg2/Adcy9/Itpr1/Adcy1/Best2/Adrb1/Gucy1b1/Gucy1a1/Kcnma1/Plcb1/Atp1b2/Adra1d/Atp2b4/Adcy5/Prkg1/Atp2b2/Atp1a2/Atp2b3/Nos1/Adrb3/Ryr3","Suppressed"
"56","Control_T","rno04510","Focal adhesion",182,-0.508667763755815,-1.44662098751633,0.00307056637973366,0.0184073864134131,0.0134589147428674,2702,"tags=32%, list=19%, signal=27%","Fyn/Prkca/Itga2b/Prkcg/Thbs4/Ilk/Vegfb/Pdgfa/Reln/Shc4/Vcl/Col6a3/Flt4/Chad/Itgb3/Lama4/Col6a4/Col1a1/Emp1/Igf1/Fn1/Col6a2/Col6a1/Col4a5/Ppp1r12a/Emp2/Akt3/Vav2/Col1a2/Itga9/Col6a5/Itga5/Lamb2/Col9a2/Shc2/Comp/Col4a6/Ppp1r12c/Pdgfd/Egf/Mapk10/Vtn/Itga1/Lama2/Col4a3/Cav1/Thbs3/Flna/Cav3/Itga7/Vegfd/Pak3/Col6a6/Ppp1r12b/Lamc3/Mylk/Shc3/Myl9/Tnr","Suppressed"
"57","Control_T","rno04740","Olfactory transduction",37,-0.659845321862578,-1.60883557707109,0.00314956011731016,0.0184553171786244,0.013493960244062,3047,"tags=51%, list=21%, signal=41%","Olr1585/Ncald/Rgs2/Gnal/Slc8a2/Gng13/Prkg2/Slc8a1/Gng7/Olr59/Camk2g/Pde1c/Pde2a/Camk2a/Olr35/Ano2/Pde1b/Prkg1/Cnga3","Suppressed"
"58","Control_T","rno05206","MicroRNAs in cancer",152,0.350327093072869,1.40543441267225,0.00406323122412296,0.0233986073940874,0.0171083419963072,1719,"tags=24%, list=12%, signal=22%","Cdkn2a/Mmp9/Hmga2/Abcb1b/Wnt3/Ptgs2/Slc7a1/Cdkn1a/Ccne1/Hmox1/Stmn1/Sox4/Myc/Efna4/Efna3/Serpinb5/Ccnd2/Socs1/Ccne2/Kif23/Tnn/Cd44/Ezh2/Thbs1/E2f2/Cdca5/Ddit4/Dnmt3b/E2f3/Brca1/Tp53/Fzd3/Hoxd10/Pim1/Dnmt1/Nras/Bcl2l11","Enriched"
"59","Control_T","rno05133","Pertussis",63,0.449558753896302,1.55613453969245,0.00416023668243931,0.0235511703717751,0.0172198913528264,864,"tags=16%, list=6%, signal=15%","Cxcl6/Nos2/Il1a/C3/Tnf/Il1b/Il23a/Il6/Fos/Il12b","Enriched"
"60","Control_T","rno01523","Antifolate resistance",28,0.603080958026967,1.76417904412474,0.00444295840948698,0.0246947212239054,0.0180560205608133,1241,"tags=29%, list=9%, signal=26%","Alox12/Tnf/Il1b/Il6/Shmt1/Shmt2/Slc19a1/Atic","Enriched"
"61","Control_T","rno05140","Leishmaniasis",61,0.457998487615826,1.56981318216893,0.00458405004755131,0.0246947212239054,0.0180560205608133,1090,"tags=21%, list=8%, signal=20%","Nos2/Il1a/C3/Tnf/Il1b/Ptgs2/Tlr2/Marcksl1/Fcgr3a/Fos/Il12b/Cyba/Ncf1","Enriched"
"62","Control_T","rno04923","Regulation of lipolysis in adipocytes",49,-0.613094882307636,-1.54324285253698,0.00453356245675547,0.0246947212239054,0.0180560205608133,2122,"tags=41%, list=15%, signal=35%","Npr1/Prkg2/Adcy9/Cidec/Mgll/Pde3b/Fabp4/Lipe/Akt3/Adcy1/Npy1r/Irs3/Ptger3/Adrb1/Adora1/Adcy5/Prkg1/Tshr/Adrb3/Plin1","Suppressed"
"63","Control_T","rno04924","Renin secretion",59,-0.589770675392565,-1.52389337071233,0.00472547108616389,0.0250524975044244,0.0183176155720973,2455,"tags=42%, list=17%, signal=35%","Edn3/Pde3a/Npr1/Ace/Gucy1a2/Prkg2/Pde3b/Itpr1/Agt/Cacna1d/Pde1c/Adrb1/Gucy1b1/Gucy1a1/Kcnma1/Clca1/Agtr1a/Plcb1/Adora1/Adcyap1r1/Edn2/Pde1b/Adcy5/Cacna1c/Adrb3","Suppressed"
"64","Control_T","rno03430","Mismatch repair",20,0.64707504085371,1.76929686013185,0.00565452345865378,0.0295095442998494,0.0215764710922315,2548,"tags=60%, list=18%, signal=49%","Exo1/Pcna/Rfc5/Rfc2/Rfc4/Msh6/Pold1/Pold2/Rpa2/Rfc3/Msh2/Lig1","Enriched"
"65","Control_T","rno04721","Synaptic vesicle cycle",58,-0.57997891752651,-1.49443490294175,0.00583238160625544,0.0295153857043836,0.021580742147548,2730,"tags=36%, list=19%, signal=29%","Atp6v1e2/Slc17a8/Cplx2/Slc6a5/Slc18a2/Slc6a4/Rab3a/Stxbp1/Unc13a/Dnm1/Cacna1a/Slc6a7/Stx2/Stx1b/Dnm3/Slc1a7/Cacna1b/Atp6v1g2/Snap25/Rims1/Syt1","Suppressed"
"66","Control_T","rno04514","Cell adhesion molecules",133,-0.51922393500446,-1.45586758634753,0.0058177358743914,0.0295153857043836,0.021580742147548,2063,"tags=30%, list=14%, signal=26%","Cldn8/Cldn11/Ntng2/Slitrk6/Cldn15/Sdc3/Jam3/Cd34/Sdc2/Cldn5/Cldn1/L1cam/Itga9/Ncam1/Lrrc4/Cdh2/Jam2/Cntn2/Cldn17/Cntn1/Nlgn3/Nfasc/Nrxn3/Cntnap1/Nrxn1/Cadm3/Cdh4/Slitrk2/Lrrc4c/Nrcam/Nrxn2/Ntng1/Lrrc4b/Negr1/Cntnap2/Slitrk5/Slitrk3/Slitrk1/Mpz/Ncam2","Suppressed"
"67","Control_T","rno04360","Axon guidance",165,-0.495908324878816,-1.39853265442291,0.00604461021308962,0.0301328330025662,0.0220322006195883,3066,"tags=32%, list=21%, signal=26%","Plxna3/Ablim1/Sema4g/Ssh1/Pard6g/Sema3a/Fyn/Prkca/Robo2/Ilk/Pard6a/Unc5a/Sema6d/Efna5/Nfatc4/Nrp1/Sema3e/Ntng2/Sema6b/Ablim3/Enah/Robo1/Plxna4/Ntn4/Epha3/L1cam/Lrrc4/Sema5b/Boc/Camk2g/Slit1/Sema6c/Bmpr1b/Sema3g/Dpysl5/Rgma/Slit3/Cfl2/Srgap3/Cxcl12/Ntn1/Lrrc4c/Epha7/Camk2a/Sema3d/Epha5/Ablim2/Gdf7/Pak3/Trpc4/Ntng1/Myl9/Plxnb3","Suppressed"
"68","Control_T","rno04922","Glucagon signaling pathway",85,-0.553289618331644,-1.48962225968842,0.00633070232164931,0.0310949202269246,0.0227356492046848,2563,"tags=29%, list=18%, signal=24%","Creb5/Prkaa2/Pygb/Creb3l4/Creb3l2/Ppargc1a/Prkab2/Pde3b/Creb3l1/Itpr1/Akt3/Cpt1c/Camk2g/Ldhb/Ppara/Acacb/Pfkm/Gcgr/Gcg/Fbp1/Plcb1/Camk2a/Pygm/Phkg1/Pck1","Suppressed"
"69","Control_T","rno04936","Alcoholic liver disease",115,0.361284767552072,1.42138935446564,0.00657391692355452,0.0318215688763364,0.0232669523457612,385,"tags=9%, list=3%, signal=9%","Cxcl3/Cxcl2/Il17a/Cxcl1/C3/Tnf/Il1b/Lef1/Tcf7/Il6","Enriched"
"70","Control_T","rno04512","ECM-receptor interaction",76,-0.549746594542757,-1.46069713627341,0.00705226704319451,0.0336493884632424,0.024603397804829,2194,"tags=43%, list=15%, signal=37%","Col6a3/Chad/Itgb3/Lama4/Col6a4/Col1a1/Fn1/Col6a2/Col6a1/Col4a5/Sv2a/Col1a2/Itga9/Col6a5/Itga5/Lamb2/Col9a2/Comp/Col4a6/Npnt/Cd36/Vtn/Itga1/Lama2/Col4a3/Thbs3/Itga7/Sv2c/Col6a6/Frem1/Lamc3/Sv2b/Tnr","Suppressed"
"71","Control_T","rno00910","Nitrogen metabolism",15,-0.767472930115975,-1.62605249727862,0.00733531448855513,0.0345069723827805,0.0252304367879139,1811,"tags=60%, list=13%, signal=52%","Car13/Car2/Car12/Car14/Car1/Car4/Car7/Cps1/Car3","Suppressed"
"72","Control_T","rno05219","Bladder cancer",34,0.539036074341642,1.67363347980494,0.00821726378437607,0.0381189736664112,0.0278714210230299,1698,"tags=35%, list=12%, signal=31%","Cdkn2a/Mmp9/Upk3a/Cdkn1a/Hbegf/Myc/Thbs1/E2f2/Cdk4/E2f3/Tp53/Nras","Enriched"
"73","Control_T","rno00860","Porphyrin metabolism",30,0.573789427313306,1.73145462697153,0.0096818756499955,0.0442978968095685,0.0323892595645127,431,"tags=10%, list=3%, signal=10%","Ugt2b7/Hephl1/Hmox1","Enriched"
"74","Control_T","rno04623","Cytosolic DNA-sensing pathway",60,0.463067391230672,1.59284056611444,0.0102827428887944,0.0464112989845585,0.0339345142276003,3119,"tags=42%, list=22%, signal=33%","Cxcl10/Il1b/Sting1/Irf7/Zbp1/Ripk3/Il6/Cgas/Ccl4/Samhd1/Polr3b/Polr3g/Polr3h/Nfkbia/Nfkbib/Casp8/G3bp1/Pcbp1/Ikbke/Polr3e/Polr2k/Adar/Polr1c/Nfkb1/Polr3a","Enriched"
"75","Control_T","rno05134","Legionellosis",53,0.458020466405127,1.54432683426163,0.0111567344288738,0.0496846573232514,0.0363278931578769,385,"tags=15%, list=3%, signal=15%","Cxcl3/Cxcl2/Cxcl1/C3/Tnf/Il1b/Tlr2/Il6","Enriched"
"76","Naproxen","rno04657","IL-17 signaling pathway",78,-0.775028814385963,-2.35958069470027,1e-10,3.36e-08,2.62105263157895e-08,1312,"tags=38%, list=9%, signal=35%","Mapk11/Ccl7/Nfkbia/Ccl11/Ikbke/Ptgs2/Fosb/Ccl2/Mapk15/Tnfaip3/Il1b/Mmp9/Ccl20/Cxcl3/Tnf/Ccl12/Mmp13/Mmp3/Cxcl1/Cxcl6/Muc5b/Il17f/Lcn2/Cxcl2/Il6/S100a8/Il17a/S100a9/Il17c/Csf3","Suppressed"
"77","Naproxen","rno05171","Coronavirus disease - COVID-19",195,-0.583703194254621,-1.975001014651,1.32715479636889e-08,2.22962005789973e-06,1.73927128576765e-06,3070,"tags=47%, list=22%, signal=37%","Rpl31l2/Pik3r2/Rplp0/Rpl35/Rps12l2/Rpl36al1/Plcg1/Rpl27/Rps16/Syk/Rps24/Rps3/Pik3cd/Tnfrsf1a/Mapk8/Rps27a/Rps23/Rpl24/Rps25/Rpl26/Rps27l/Rpl32/Selp/C4a/Casp1/Stat3/Cxcl10/Rps21/C1qc/Rps12/Mapk10/Rps18/Mapk13/C1qa/Rpl38/Rpl13a/Rpl17/Rpl37/Rps17/C1qb/Rps15a/Agtr1a/Traf3/Adar/Rpl9/Tmprss2/Rpl37l1/Stat1/Il12b/Rpl39/Tlr2/Rps20/Hbegf/Nlrp3/Rpl30l1/Rpl22l1/Eif2ak2/Mapk11/Prkcg/Rps12l3/Cfd/Irf3/Nfkbia/Pik3r3/Vwf/Ikbke/Ifih1/Stat2/Ccl2/Rpl6-ps6/Rps15al2/Irf9/Il1b/Rps15al4/Mx1/Rpl27l1/Oas1a/Tnf/Ccl12/Sting1/C6/C2/Mmp3/Oas3/Oas1i/Oas1b/Mx2/Il6/C3/Oas2/Csf3","Suppressed"
"78","Naproxen","rno05162","Measles",115,-0.614219030606301,-1.95005676712722,1.25371400687131e-06,0.000140415968769586,0.000109535013231914,3129,"tags=47%, list=23%, signal=37%","Slamf1/Pik3cd/Mapk8/Bak1/Ccne1/Msn/Akt2/Bcl2l1/Bax/Stat3/Cblb/Il2rg/Mapk10/Cdk4/Tp53/Apaf1/Faslg/Bbc3/Traf3/Adar/Cd3g/Akt3/Stat1/Bid/Il12b/Tlr2/Eif2ak3/Eif2ak2/Cyct/Cd3e/Irf3/Nfkbia/Pik3r3/Il2ra/Ikbke/Ifih1/Stat2/Cd28/Cd3d/Il2rb/Irf9/Tnfaip3/Il1b/Mx1/Hspa1a/Il1a/Oas1a/Oas3/Irf7/Oas1i/Oas1b/Mx2/Il6/Oas2","Suppressed"
"79","Naproxen","rno04621","NOD-like receptor signaling pathway",154,-0.569565125572072,-1.87275574806037,5.7250101276006e-06,0.00048090085071845,0.000375138821519092,1751,"tags=28%, list=13%, signal=25%","Stat1/Aim2/Pstpip1/Rnasel/Gbp7/Ccl5/Gbp1/Nlrp3/Panx1/Mapk11/Irf3/Nfkbia/Defa6/Ikbke/Stat2/Ccl2/Gbp5/Birc3/Gbp4/Trpm2/Irf9/Tnfaip3/Il1b/Gbp2/Ripk3/Nod2/Irgm/Oas1a/Casp4/Cxcl3/Tnf/Ccl12/Sting1/Casp12/Oas3/Cxcl1/Irf7/Oas1i/Nlrp12/Oas1b/Cxcl2/Il6/Oas2","Suppressed"
"80","Naproxen","rno04060","Cytokine-cytokine receptor interaction",188,-0.53668697323737,-1.81068211239526,9.93425624106921e-06,0.000667582019399851,0.000520764169268681,1875,"tags=39%, list=14%, signal=34%","Crlf2/Il1rap/Csf1/Csf2ra/Il4r/Il12b/Tnfrsf12a/Tnfsf8/Il3ra/Cxcr4/Ccl5/Ccr5/Pf4/Ccr9/Il23r/Ebi3/Ccl7/Tnfrsf8/Tnfsf18/Tnfrsf1b/Ltb/Gdf3/Lif/Il2ra/Ccl11/Cx3cl1/Ccl2/Gdf15/Ccr4/Osmr/Cxcr6/Ccr3/Il2rb/Tnfrsf18/Eda/Tnfrsf4/Tnfrsf19/Clcf1/Tnfsf11/Tnfrsf9/Il12rb2/Ccl27/Tnfsf9/Epor/Il11/Il1b/Il12rb1/Ccr10/Tgfb2/Inhbb/Thpol1/Ccl3/Ccl4/Il1a/Cxcr2/Csf3r/Il10/Ccl20/Cxcl3/Tnf/Ccl12/Il23a/Osm/Tnfrsf11b/Cxcl1/Cxcl6/Il17f/Cxcl2/Ccl25/Il6/Il17a/Il17c/Il22/Csf3","Suppressed"
"81","Naproxen","rno04668","TNF signaling pathway",112,-0.591109626424676,-1.87709133611034,1.2141830208032e-05,0.000679942491649794,0.000530406266982452,1808,"tags=31%, list=13%, signal=27%","Akt3/Csf1/Junb/Ccl5/Rhbdf1/Mapk11/Map3k8/Icam1/Nfkbia/Pik3r3/Tnfrsf1b/Mlkl/Lif/Cx3cl1/Ptgs2/Ccl2/Bcl3/Birc3/Creb5/Tnfaip3/Il1b/Ripk3/Ifi47/Nod2/Mmp9/Ccl20/Cxcl3/Socs3/Tnf/Ccl12/Mmp3/Cxcl1/Cxcl6/Cxcl2/Il6","Suppressed"
"82","Naproxen","rno04659","Th17 cell differentiation",90,-0.609652423183489,-1.88962866575382,3.64336099002149e-05,0.0017182989271408,0.00134040235857788,3406,"tags=51%, list=25%, signal=39%","Lck/Plcg1/RT1-Ba/Tgfbr2/RT1-DMa/Runx1/RT1-DMb/Mapk8/Ahr/Rara/Hif1a/Nfkbie/Stat3/Il2rg/Mapk10/Mapk13/Tgfb1/Il21r/Il1r1/Cd3g/Cd247/Il1rap/RT1-Db1/Stat1/Il4r/Il23r/Mapk11/Ebi3/Cd3e/Foxp3/Irf4/Nfkbia/Zap70/Il2ra/Lat/Cd3d/Il2rb/Il1b/Il12rb1/Rora/Il23a/Gata3/Il17f/Il6/Il17a/Il22","Suppressed"
"83","Naproxen","rno05146","Amoebiasis",85,-0.604772317931399,-1.85414413684169,4.09118792176381e-05,0.0017182989271408,0.00134040235857788,1246,"tags=25%, list=9%, signal=23%","Prkcg/Lama1/Gna15/Pik3r3/Lama5/Hspb1/Il1b/Gnal/Tgfb2/Il10/Prdx1l1/Arg2/Cxcl3/Tnf/Cxcl1/Cxcl2/Il6/Nos2/Serpinb13/Serpinb3a/Serpinb3","Suppressed"
"84","Naproxen","rno04260","Cardiac muscle contraction",56,0.624096723389438,1.99854018560162,6.05129166307944e-05,0.00225914888754966,0.00176230599310735,3249,"tags=64%, list=23%, signal=49%","Cacng2/Casq2/Atp1a2/Atp2a3/Tpm2/Cacnb1/Asph/Cacna1c/Cacna2d1/Hrc/Cacnb2/Slc9a7/Atp1b1/Cox5b/Uqcrb/Cacna1d/CYTB/Atp1a1/Uqcrc1/Uqcrc2/Cyc1/Cox6a1/Cox5a/COX2/Cox7b/Atp2a2/COX3/Cox6b1/Cacna2d2/Cox6c/Uqcrh/Slc9a1/Cox4i1/Slc9a6/Uqcrfs1/Uqcr10","Enriched"
"85","Naproxen","rno05167","Kaposi sarcoma-associated herpesvirus infection",165,-0.51597489796868,-1.7165594092283,0.000149661244765409,0.00502861782411775,0.00392269999437757,3070,"tags=40%, list=22%, signal=31%","Pik3cd/Tnfrsf1a/Mapk8/Lyn/Rps27a/Bak1/Hif1a/Akt2/RT1-CE11/Bax/Crebbp/Itpr1/Stat3/Ccr8/Src/Mapk10/Cdk4/Mapk13/Tp53/Cd86/Gnb3/Cdkn1a/E2f2/Traf3/Myc/RT1-T24-4/Akt3/Pdgfb/Stat1/Bid/Zfp36/Ccr5/Gng2/Vegfa/Calml4/Eif2ak2/Cyct/Mapk11/RT1-CE16/Icam1/RT1-M2/Irf3/Nfkbia/Pik3r3/RT1-M3-1/Ikbke/Ptgs2/Stat2/Ccr4/Nfatc4/Ccr3/Lef1/Angpt2/Irf9/RT1-CE1/RT1-T18/RT1-S3/RT1-N3/RT1-T24-1/RT1-CE15/Cxcl3/Cxcl1/Irf7/Cxcl2/Il6/C3","Suppressed"
"86","Naproxen","rno05323","Rheumatoid arthritis",70,-0.620342409971642,-1.85344784126713,0.000165141879278175,0.00504433376704243,0.00393495961150866,1786,"tags=41%, list=13%, signal=36%","Csf1/RT1-Db1/Angpt1/Tlr2/Ccl5/Tcirg1/Vegfa/Icam1/Ltb/Cd28/Ccl2/Tnfsf11/Il11/Il1b/Tgfb2/Ccl3/Il1a/Ccl20/Cxcl3/Tnf/Ccl12/Il23a/Atp6v1c2/Mmp3/Cxcl1/Cxcl6/Cxcl2/Il6/Il17a","Suppressed"
"87","Naproxen","rno05164","Influenza A",132,-0.542450258742028,-1.7593111528332,0.000181371512974489,0.00507840236328568,0.00396153567812699,2091,"tags=30%, list=15%, signal=26%","Traf3/Pabpn1/Dnajb1/Adar/Akt3/Tmprss2/RT1-Db1/Stat1/Bid/Il12b/Rnasel/Ccl5/Nlrp3/Eif2ak2/Cyct/Icam1/Irf3/Slc25a4/Nfkbia/Pik3r3/Ikbke/Ifih1/Stat2/Ccl2/Irf9/Il1b/Mx1/Il1a/Oas1a/Socs3/Tnf/Ccl12/Rsad2/Oas3/Irf7/Oas1i/Oas1b/Mx2/Il6/Oas2","Suppressed"
"88","Naproxen","rno05168","Herpes simplex virus 1 infection",293,-0.450564799256899,-1.58834744366086,0.000306632746769586,0.00792527714727546,0.00618231206037466,2091,"tags=22%, list=15%, signal=19%","Traf3/Zfp709l1/Pilra/Zfp455l1/Srsf5/RT1-T24-4/Zfp82/Akt3/Znf624l/RT1-Db1/Stat1/Zfp57/Pilrb2/Bid/Il12b/Zfp958/Rnasel/Tlr2/Nectin2/Zfp74/Eif2ak3/Ccl5/Zfp184/Zfp791/Tap2/B2m/Eif2ak2/Cyct/RT1-CE16/Zfp617/RT1-M2/Zfp286a/Irf3/Nfkbia/Pik3r3/RT1-M3-1/Ikbke/Ifih1/Stat2/Ccl2/Tap1/Birc3/Irf9/RT1-CE1/RT1-T18/Il1b/RT1-S3/RT1-N3/RT1-T24-1/RT1-CE15/Oas1a/Socs3/Tnf/Ccl12/Sting1/Oas3/Bst2/Irf7/Oas1i/Oas1b/Il6/C3/Oas2","Suppressed"
"89","Naproxen","rno00512","Mucin type O-glycan biosynthesis",25,0.718676315357379,1.953139875677,0.000464347984740364,0.00975130767954765,0.00760675317107571,1462,"tags=52%, list=11%, signal=47%","St6galnac1/St6galnac4/Galnt18/Galnt5/St6galnac2/B3gnt3/Galnt14/Galnt6/St3gal2/Galnt17/B3gnt6/Galnt10/Gcnt1","Enriched"
"90","Naproxen","rno00020","Citrate cycle (TCA cycle)",29,0.697669488605816,1.92644859286744,0.000445501675777472,0.00975130767954765,0.00760675317107571,2933,"tags=69%, list=21%, signal=54%","Pck1/Pc/Fh/Aco2/Sdhd/Sdha/Idh3a/Dlat/Idh3b/Ogdh/Cs/Dlst/Pdhb/Aco1/Suclg2/Sdhb/Suclg1/Sdhc/Dld/Sucla2","Enriched"
"91","Naproxen","rno04380","Osteoclast differentiation",119,-0.548121769965641,-1.74528462702015,0.000423943804223151,0.00975130767954765,0.00760675317107571,3336,"tags=45%, list=24%, signal=35%","Relb/Map2k7/Tgfbr2/Syk/Pik3cd/Tnfrsf1a/Mapk8/Pirb/Cyba/Akt2/Lilra5/Fosl1/Itpr1/Csf1r/Mapk10/Mapk13/Pira2/Tgfb1/Fcgr2a/Ctsk/Il1r1/Camk4/Tyrobp/Fhl2/Akt3/Csf1/Stat1/Junb/Ncf2/Lcp2/Fcgr1a/Lilrb1/Mapk11/Blnk/Nfkbia/Pik3r3/Lilrb3/Stat2/Fosb/Lilrc2/Oscar/Tnfsf11/Irf9/Il1b/Tgfb2/Fcgr3a/Lilrb2/Lilrb4/Nox1/Il1a/Socs1/Socs3/Tnf/Tnfrsf11b","Suppressed"
"92","Naproxen","rno05160","Hepatitis C",128,-0.522428065430864,-1.68725465947986,0.000657656078493305,0.0129983789631618,0.0101397129129927,2427,"tags=28%, list=18%, signal=23%","Cdk4/Cldn4/Tp53/Apaf1/Ppp2r2b/Faslg/Cdkn1a/E2f2/Traf3/Myc/Akt3/Stat1/Bid/Rnasel/Eif2ak3/Eif2ak2/Cyct/Irf3/Nfkbia/Pik3r3/Ikbke/Stat2/Irf9/Mx1/Cldn6/Oas1a/Socs3/Tnf/Ifit1bl/Rsad2/Oas3/Irf7/Oas1i/Oas1b/Mx2/Oas2","Suppressed"
"93","Naproxen","rno05169","Epstein-Barr virus infection",184,-0.484479184406414,-1.63178307022723,0.000697169415809505,0.0130138290951108,0.010151765177577,3339,"tags=42%, list=24%, signal=33%","RT1-Ba/Relb/Map2k7/Syk/Cd40/RT1-DMa/RT1-DMb/Pik3cd/Mapk8/Lyn/Bak1/Ccne1/Akt2/Nfkbie/RT1-CE11/Bax/Stat3/Cxcl10/Mdm2/Itgal/Mapk10/Cdk4/Mapk13/Tp53/Apaf1/Cdkn1a/E2f2/Traf3/Myc/RT1-T24-4/Cd3g/Cd247/Akt3/RT1-Db1/Stat1/Gadd45b/Bid/Runx3/Tlr2/Fcer2/Bcl2l11/Tap2/B2m/Eif2ak2/Cyct/Mapk11/RT1-CE16/Cd3e/Gadd45g/Icam1/RT1-M2/Blnk/Irf3/Nfkbia/Pik3r3/RT1-M3-1/Ikbke/Stat2/Cd3d/Cd44/Tap1/Irf9/RT1-CE1/Tnfaip3/RT1-T18/RT1-S3/RT1-N3/RT1-T24-1/RT1-CE15/Oas1a/Tnf/Rbpjl/Oas3/Irf7/Oas1i/Oas1b/Il6/Oas2","Suppressed"
"94","Naproxen","rno04625","C-type lectin receptor signaling pathway",91,-0.566927454253853,-1.76274631482308,0.000857396019471447,0.0151623717127582,0.0118277899638997,3070,"tags=41%, list=22%, signal=32%","Pik3cd/Mapk8/Akt2/Irf1/Casp1/Itpr1/Cblb/Mdm2/Src/Mapk10/Malt1/Mapk13/Fcer1g/Akt3/Stat1/Il12b/Nlrp3/Calml4/Mapk11/Nfkbia/Egr3/Pik3r3/Ikbke/Ptgs2/Stat2/Nfatc4/Bcl3/Plk3/Clec4d/Irf9/Il1b/Clec7a/Clec4e/Il10/Tnf/Il23a/Il6","Suppressed"
"95","Naproxen","rno00190","Oxidative phosphorylation",110,0.4671827788056,1.6412112081895,0.00091663160865588,0.0153994110254188,0.0120126984502797,4174,"tags=70%, list=30%, signal=49%","ND5/ND4L/Atp12a/Ndufa1/Cox10/ND4/Atp5mc1/Atp6v0d1/Ndufv2/Sdhd/Cox5b/Atp5f1a/ND3/Sdha/ND2/Uqcrb/Ndufa3/Ppa2/CYTB/Ndufa12/Ppa1/Ndufb6/Uqcrc1/Uqcrc2/Ndufb10/Atp5me/Cyc1/Ndufb4/Cox6a1/Atp5f1b/Atp5f1d/Atp5f1c/Ndufb3/Cox5a/Ndufb5/Ndufa9/Ndufs1/Ndufv1/Atp6v0a2/COX2/Atp5pd/Atp5pf/Sdhb/Ndufa10/Atp5pb/Cox7b/COX3/ND1/ATP8/Cox6b1/Atp5mc3/Cox6c/Ndufa8/Ndufab1/Sdhc/Ndufs3/Uqcrh/Ndufs6/Cox4i1/Ndufa7/Uqcrfs1/Uqcr10/Cycs/Atp5po/Ndufb8/Ndufs8/Atp5mg/ATP6/Ndufs7/COX1/Ndufv3/Cox11/Ndufb11/Ndufb9/Ndufb7/Ndufc1/Atp6v0e2","Enriched"
"96","Naproxen","rno05321","Inflammatory bowel disease",52,-0.643527363609892,-1.85006007204959,0.00110501142082657,0.0176801827332252,0.0137918718689632,1757,"tags=44%, list=13%, signal=39%","RT1-Db1/Stat1/Il4r/Il12b/Tlr2/Il23r/Foxp3/Maf/Il12rb2/Il1b/Il12rb1/Tgfb2/Rora/Nod2/Il1a/Il10/Tnf/Il23a/Gata3/Il17f/Il6/Il17a/Il22","Suppressed"
"97","Naproxen","rno04080","Neuroactive ligand-receptor interaction",152,0.417912843001564,1.54396420615114,0.00119154222709027,0.0181980994682877,0.0141958858634199,1337,"tags=32%, list=10%, signal=29%","Edn2/Tacr2/Nmu/Vip/Prlr/Trpv1/Chrm1/Ppy/Adora1/Sstr1/Tac3/Gcg/Chrna7/Ghrl/Npy1r/Penk/Pyy/Adora2b/Tacr1/Sstr2/Ptger3/Vipr1/Thrb/Edn3/Apela/Gcgr/Grin2d/Lepr/C5/Hrh1/Chrm2/P2rx5/Adora3/Ptger4/Ptger1/Galr2/Ghr/P2ry6/Pdyn/Npw/F2/Lpar2/Chrm3/Agt/Lpar1/Cnr1/P2ry1/P2rx1","Enriched"
"98","Naproxen","rno05142","Chagas disease",94,-0.536443266714197,-1.66817804607243,0.0018644387000812,0.027237017531621,0.0212469215707194,2551,"tags=34%, list=18%, signal=28%","C1qc/Mapk10/Mapk13/C1qa/Ppp2r2b/Faslg/Tgfb1/C1qb/Cd3g/Cd247/Akt3/Il12b/Tlr2/Ccl5/Mapk11/Cd3e/Gna15/Nfkbia/Pik3r3/Ccl2/Cd3d/Il1b/Gnal/Tgfb2/Ccl3/Il10/Serpine1/Tnf/Ccl12/Il6/C3/Nos2","Suppressed"
"99","Naproxen","rno04820","Cytoskeleton in muscle cells",178,0.392769357806607,1.47250851778855,0.00203928736925821,0.028550023169615,0.0222711646905831,1579,"tags=24%, list=11%, signal=22%","Eno3/Des/Atp1a2/Daam2/Thbs4/Actg2/Lmod1/Myh11/Flnc/Mybpc2/Sgce/Dtna/Mybpc1/Fhl1/Tmod1/Tmod2/Tpm2/Fbln1/Pdlim2/Pdlim1/Tmod4/Synpo2/Sptbn5/Syne3/Col4a3/Lmna/Myl9/Acta1/Fbln2/Myom3/Col4a6/Sdc2/Ldb3/Lama2/Ank2/Thbs2/Pdlim3/Atp1b1/Col6a6/Tln2/Itgb8/Tnni2/Syne2","Enriched"
"100","Naproxen","rno05163","Human cytomegalovirus infection",196,-0.452554633419819,-1.53174851433418,0.00223908524997366,0.030093305759646,0.0234750411470923,2786,"tags=32%, list=20%, signal=26%","Bax/Ptger2/Akap13/Eif4ebp1/Itpr1/Stat3/Pdgfra/Adcy3/Mdm2/Src/Cdk4/Mapk13/Tp53/Faslg/Gnb3/Cdkn1a/E2f2/Il1r1/Myc/RT1-T24-4/Adcy4/Akt3/Bid/Cxcr4/Ccl5/Ccr5/Gng2/Tap2/B2m/Vegfa/Calml4/Cyct/Mapk11/RT1-CE16/Prkcg/RT1-M2/Irf3/Nfkbia/Pik3r3/RT1-M3-1/Cx3cl1/Ptgs2/Ccl2/Nfatc4/Ccr3/Tap1/Creb5/RT1-CE1/RT1-T18/Il1b/RT1-S3/RT1-N3/Ccl3/RT1-T24-1/Ccl4/RT1-CE15/Cxcr2/Tnf/Ccl12/Sting1/Il6/Adcy8/Cdkn2a","Suppressed"
"101","Naproxen","rno04630","JAK-STAT signaling pathway",114,-0.511556337085264,-1.61927028607219,0.00250287456863106,0.0323448405792322,0.0252314075947018,1942,"tags=31%, list=14%, signal=27%","Myc/Crlf2/Akt3/Pdgfb/Csf2ra/Stat1/Il4r/Il12b/Il3ra/Pdgfrb/Cish/Il23r/Pik3r3/Lif/Il2ra/Stat2/Osmr/Il2rb/Pim1/Clcf1/Irf9/Il12rb2/Epor/Il11/Il12rb1/Thpol1/Csf3r/Il10/Socs1/Socs3/Il23a/Osm/Il6/Il22/Csf3","Suppressed"
"102","Naproxen","rno04714","Thermogenesis",198,0.38705802895132,1.4747824100445,0.00338255291311984,0.0420939918077136,0.0328364785718067,2837,"tags=41%, list=21%, signal=33%","Gcg/Dpf3/Creb3l1/Map3k5/Bmp8a/Ppargc1a/Prkacb/Slc25a29/Adcy10/Prkaa2/Prdm16/Adcy5/ND5/ND4L/Ndufa1/Cox10/ND4/Rps6ka3/Cnr1/Atp5mc1/Prkg1/Creb3l2/Ndufv2/Klb/Sdhd/Cox5b/Coa6/Ndufaf2/Atp5f1a/ND3/Sdha/ND2/Uqcrb/Ndufa3/CYTB/Ndufa12/Ndufb6/Uqcrc1/Uqcrc2/Ndufb10/Smarca2/Atp5me/Cyc1/Ndufb4/Cox6a1/Atp5f1b/Adcy9/Atp5f1d/Coa4/Atp5f1c/Ndufb3/Cox5a/Ndufb5/Cpt1a/Ndufa9/Ndufs1/Ndufv1/COX2/Atp5pd/Atp5pf/Sdhb/Ndufa10/Atp5pb/Lipe/Cox7b/COX3/ND1/ATP8/Cox6b1/Atp5mc3/Ndufaf4/Cox6c/Cpt1c/Cox19/Ndufa8/Creb1/Ndufab1/Map2k3/Sdhc/Ndufs3/Uqcrh","Enriched"
"103","Naproxen","rno05133","Pertussis",65,-0.572303482438221,-1.70228591698157,0.0037035302216796,0.0429098673960119,0.0334729228747086,2859,"tags=40%, list=21%, signal=32%","Tirap/Ly96/Irf1/C4a/Casp1/C1qc/Mapk10/Mapk13/C1qa/C1qb/Serping1/Il12b/Nlrp3/Calml4/Mapk11/Irf3/Il1b/Il1a/Il10/Tnf/Il23a/C2/Cxcl6/Il6/C3/Nos2","Suppressed"
"104","Naproxen","rno04622","RIG-I-like receptor signaling pathway",51,-0.595250544774759,-1.70083694292124,0.00361673218478896,0.0429098673960119,0.0334729228747086,2585,"tags=31%, list=19%, signal=26%","Cxcl10/Mapk10/Mapk13/Traf3/Adar/Il12b/Mapk11/Irf3/Nfkbia/Ikbke/Ifih1/Znfx1/Dhx58/Tnf/Sting1/Irf7","Suppressed"
"105","EPA","rno04657","IL-17 signaling pathway",77,-0.801257032109878,-2.56247121527288,1e-10,3.35e-08,2.49473684210526e-08,749,"tags=34%, list=5%, signal=32%","Ccl11/Mapk10/Ccl7/Tnfaip3/Ccl2/Ccl12/Ccl20/Fosl1/Il1b/Mmp3/Tnf/Ptgs2/Mmp9/Muc5b/Lcn2/Il17a/Cxcl3/Il6/Cxcl6/S100a8/Mmp13/S100a9/Cxcl1/Cxcl2/Il17c/Csf3","Suppressed"
"106","EPA","rno05171","Coronavirus disease - COVID-19",194,-0.577513738389925,-2.0889836107863,1.0424981351962e-09,1.74618437645363e-07,1.30037925284999e-07,2430,"tags=35%, list=18%, signal=29%","Rps18/Rps15a/Rpl24/C1s/Irf9/C1qc/Rps23/C1qa/Rps15al4/Rps25/Rps27a/Cxcl10/Rpl13a/C1qb/Rpl38/Rpl36/Hbegf/C4b/Rps17/Nfkbib/Stat3/Stat1/Tmprss2/Rps20/Pik3r3/C1r/Rpl9/Rps27l/C4a/Tnfrsf1a/Adar/Tlr2/Irf3/Mapk11/Rpl22l1/Ikbke/Prkcg/Cgas/Masp1/Nfkbia/Ifih1/Rpl39/Eif2ak2/Stat2/Nlrp3/Vwf/Mapk10/Rpl37l1/Mx1/Ccl2/Ccl12/Sting1/Selp/C6/Il1b/Mmp3/Oas3/Tnf/Oas1a/C2/Oas1b/Oas1i/C3/Il6/Mx2/Oas2/Csf3","Suppressed"
"107","EPA","rno04060","Cytokine-cytokine receptor interaction",175,-0.589437800217823,-2.11960611006145,2.07548974429139e-09,2.31763021445872e-07,1.72593357683179e-07,2142,"tags=46%, list=16%, signal=39%","Tgfbr2/Crlf2/Cxcl10/Il33/Il1rap/Il2rb/Csf2ra/Relt/Il9r/Ccl27/Csf1/Ccr4/Bmp4/Ifnlr1/Il12rb1/Ltb/Gdf15/Ccr5/Il4r/Cxcr4/Tnfrsf9/Tnfrsf1a/Ngfr/Il2ra/Tnfrsf18/Il1rn/Cx3cl1/Tgfb1/Il18rap/Il2rg/Tnfrsf4/Pf4/Il1rl1/Ccr7/Tnfsf8/Ccl11/Lif/Il21r/Clcf1/Csf2rb/Tnfsf18/Thpol1/Tnfrsf1b/Il1r2/Osmr/Tnfrsf12a/Cxcl13/Tgfb2/Cd40/Inhba/Ccl7/Tnfsf9/Ccl2/Ccl12/Ccl20/Inhbb/Tnfrsf13b/Ebi3/Ccl9/Il1b/Cxcr2/Il23a/Osm/Csf3r/Il1a/Tnfrsf11b/Tnf/Tnfsf11/Ccl4/Il17a/Cxcl3/Ccl3/Il6/Cxcl6/Ccl25/Cxcl1/Il22/Cxcl2/Il17c/Csf3","Suppressed"
"108","EPA","rno04668","TNF signaling pathway",111,-0.628217991438724,-2.11738154870129,2.72503153647404e-08,2.28221391179701e-06,1.69955914248512e-06,1282,"tags=29%, list=9%, signal=26%","Mapk11/Junb/Akt3/Cx3cl1/Sele/Nfkbia/Mlkl/Lif/Mapk10/Birc3/Map3k8/Tnfrsf1b/Icam1/Tnfaip3/Ccl2/Ifi47/Ccl12/Bcl3/Ccl20/Ripk3/Il1b/Mmp3/Nod2/Tnf/Ptgs2/Socs3/Mmp9/Cxcl3/Il6/Cxcl6/Cxcl1/Cxcl2","Suppressed"
"109","EPA","rno05323","Rheumatoid arthritis",69,-0.698094014838999,-2.20082900344525,5.59590123875611e-08,3.7492538299666e-06,2.79206019702147e-06,1435,"tags=38%, list=11%, signal=34%","RT1-DOb/Vegfa/Angpt1/Tlr2/Tcirg1/Flt1/Tgfb1/Cd80/Icam1/Tgfb2/Ccl2/Ccl12/Ccl20/Il1b/Mmp3/Il23a/Il1a/Tnf/Tnfsf11/Il17a/Cxcl3/Ccl3/Il6/Cxcl6/Cxcl1/Cxcl2","Suppressed"
"110","EPA","rno05146","Amoebiasis",84,-0.658602957265559,-2.12824686107786,1.4250029816024e-07,7.9562666472801e-06,5.92501239718895e-06,1388,"tags=37%, list=10%, signal=33%","Arg1/Lama4/Tlr2/Prdx1/Lamb1/Prdx1l1/Prkcg/Tgfb1/Lamc1/Arg2/Col1a2/Fn1/Col4a2/Hspb1/Col4a1/Lama1/Il1r2/Tgfb2/Col1a1/Lama5/Gnal/Il1b/Tnf/Cxcl3/Il6/Cxcl1/Cxcl2/Nos2/Serpinb13/Serpinb3a/Serpinb3","Suppressed"
"111","EPA","rno05162","Measles",115,-0.60712760887048,-2.07589402895069,1.99393787799912e-07,8.34961486412132e-06,6.217937856392e-06,1961,"tags=34%, list=14%, signal=29%","Il2rb/Eif2ak3/Bcl2l1/Tp53/Nfkbib/Stat3/Stat1/Cd28/Pik3r3/Fcgr2b/Adar/Tlr2/Irf3/Il2ra/Cd3e/Akt3/Ikbke/Msn/Slamf1/Nfkbia/Il2rg/Ifih1/Eif2ak2/Stat2/Bid/Mapk10/Ccne1/Mx1/Tnfaip3/Il1b/Il1a/Oas3/Oas1a/Irf7/Oas1b/Oas1i/Il6/Mx2/Oas2","Suppressed"
"112","EPA","rno04621","NOD-like receptor signaling pathway",154,-0.569127522626404,-2.01227092067633,1.84528188041055e-07,8.34961486412132e-06,6.217937856392e-06,1516,"tags=27%, list=11%, signal=24%","Gbp7/Antxr1/Gpsm3/Aim2/Gbp5/Pstpip1/Irf3/Antxr2/Mapk11/Ikbke/Nfkbia/Stat2/Nlrp3/Trpm2/Mapk10/Birc3/Gbp4/Gbp2/Gbp1/Tnfaip3/Ccl2/Ccl12/Sting1/Irgm/Casp12/Casp4/Ripk3/Il1b/Nod2/Oas3/Tnf/Oas1a/Irf7/Oas1b/Oas1i/Cxcl3/Il6/Nlrp12/Cxcl1/Cxcl2/Oas2","Suppressed"
"113","EPA","rno05169","Epstein-Barr virus infection",183,-0.522960928245904,-1.88141972772032,9.73483145188881e-07,3.62352059598083e-05,2.6984269638569e-05,3829,"tags=54%, list=28%, signal=39%","Psmc5/RT1-DMb/RT1-T24-4/Plcg2/Psmd3/Rela/Btk/Psmd1/Psmd11/Psmd2/Nedd4/Ccne2/Psmc6/Bax/Irak1/Psmc3/RT1-DOa/Pik3cd/Map3k14/Traf3/Psmc1/Psmd6/Adrm1/Nfkbie/Ccnd3/E2f3/RT1-T18/Akt2/Psmd8/Cd3g/Casp8/Gadd45a/RT1-CE11/Lyn/Bak1/Cd247/Psmd12/Blnk/Cdk2/Vim/Irf9/Cd3d/Nfkb2/RT1-M2/Cdk4/RT1-CE15/Cxcl10/Apaf1/Ccna2/Tp53/Myc/Nfkbib/Stat3/Tap2/Bcl2l11/Stat1/Pik3r3/B2m/E2f2/RT1-DOb/Cdkn1a/RT1-CE16/Tlr2/Irf3/RT1-CE1/Cd3e/Mapk11/Akt3/RT1-M3-1/Ikbke/Cd44/Runx3/Nfkbia/Eif2ak2/Stat2/Bid/Tap1/RT1-S3/Gadd45b/Mapk10/Gadd45g/Ccne1/Icam1/RT1-N3/Cd40/Fcer2/Tnfaip3/RT1-T24-1/Oas3/Tnf/Oas1a/Irf7/Rbpjl/Oas1b/Oas1i/Cd19/Il6/Oas2","Suppressed"
"114","EPA","rno05164","Influenza A",132,-0.554620721218573,-1.92988345403311,3.55305939637286e-06,0.000119027489778491,8.86394817831966e-05,2182,"tags=31%, list=16%, signal=26%","Cdk4/Cxcl10/Apaf1/Il33/Actg1/Dnajb1/Nfkbib/Stat1/Tmprss2/Pik3r3/Slc25a4/RT1-DOb/Tnfrsf1a/Adar/Irf3/Pml/Akt3/Ikbke/Nfkbia/Ifih1/Eif2ak2/Stat2/Nlrp3/Bid/Icam1/Mx1/Ccl2/Ccl12/Rsad2/Il1b/Il1a/Oas3/Tnf/Oas1a/Irf7/Socs3/Oas1b/Oas1i/Il6/Mx2/Oas2","Suppressed"
"115","EPA","rno04380","Osteoclast differentiation",119,-0.562373383004284,-1.92716725301666,6.20434522195045e-06,0.000188950513577582,0.000140710987330359,2503,"tags=35%, list=18%, signal=29%","Blnk/Fosb/Irf9/Ncf4/Lcp2/Nfkb2/Tgfbr2/Tyrobp/Csf1/Fcgr1a/Stat1/Pira2/Pik3r3/Fcgr2b/Tnfrsf1a/Mapk11/Junb/Akt3/Fcgr2a/Tgfb1/Fhl2/Nfkbia/Ncf2/Oscar/Lilrb1/Stat2/Pirb/Mapk10/Fcgr3a/Tgfb2/Nox1/Fosl1/Lilrb4/Lilrb2/Lilrc2/Il1b/Il1a/Tnfrsf11b/Socs1/Tnf/Socs3/Tnfsf11","Suppressed"
"116","EPA","rno05167","Kaposi sarcoma-associated herpesvirus infection",165,-0.518281582269804,-1.84804673425155,9.37821416147101e-06,0.000261808478674399,0.000194968136514792,2219,"tags=30%, list=16%, signal=25%","RT1-M2/Cdk4/Tcf7/RT1-CE15/Rps27a/Gng2/Src/Ccr4/Tp53/Myc/Calml4/Hif1a/Stat3/Stat1/Pik3r3/Ccr5/Nfatc4/E2f2/Vegfa/Tnfrsf1a/Zfp36/Cdkn1a/RT1-CE16/Irf3/RT1-CE1/Mapk11/Akt3/RT1-M3-1/Pdgfb/Lef1/Ikbke/Nfkbia/Eif2ak2/Fgf2/Stat2/Bid/RT1-S3/Mapk10/Icam1/RT1-N3/Angpt2/RT1-T24-1/Ptgs2/Irf7/Cxcl3/C3/Il6/Cxcl1/Cxcl2","Suppressed"
"117","EPA","rno04659","Th17 cell differentiation",89,-0.599642269874053,-1.96778658703851,1.37461999682338e-05,0.000354228999181409,0.000263793473074608,2274,"tags=36%, list=17%, signal=30%","Hsp90aa1/Cd3d/Rara/Tgfbr2/Il1rap/Il2rb/Nfkbib/Hif1a/Stat3/Stat1/Tbx21/Il12rb1/Runx1/Il4r/RT1-DOb/Foxp3/Il2ra/Cd3e/Mapk11/Tgfb1/Nfkbia/Il2rg/Mapk10/Il21r/Irf4/Ebi3/Gata3/Il1b/Il23a/Il17a/Il6/Il22","Suppressed"
"118","EPA","rno05321","Inflammatory bowel disease",50,-0.67325993570764,-1.998891471178,4.37213724666714e-05,0.00104618998402392,0.000779095133428656,1770,"tags=46%, list=13%, signal=40%","Stat3/Stat1/Tbx21/Il12rb1/Il4r/Maf/RT1-DOb/Tlr2/Foxp3/Tgfb1/Il18rap/Il2rg/Il21r/Tgfb2/Gata3/Il1b/Il23a/Nod2/Il1a/Tnf/Il17a/Il6/Il22","Suppressed"
"119","EPA","rno05144","Malaria",41,-0.70550400328278,-2.02466821580799,4.80518232346779e-05,0.00107315738557447,0.000799177691692537,1324,"tags=44%, list=10%, signal=40%","Tlr2/Hgf/Sele/Tgfb1/Klrb1b/Icam1/Tgfb2/Cd40/Ccl2/Ccl12/Selp/Hba-a3/Il1b/Tnf/Hbb/Hba-a1/Il6/Csf3","Suppressed"
"120","EPA","rno04061","Viral protein interaction with cytokine and cytokine receptor",65,-0.62091069231185,-1.93909645180236,5.35737106880036e-05,0.00112169956753007,0.000835326936385319,1581,"tags=48%, list=12%, signal=42%","Il2rb/Ccl27/Csf1/Ccr4/Ccr5/Cxcr4/Tnfrsf1a/Il2ra/Cx3cl1/Il18rap/Il2rg/Pf4/Ccr7/Ccl11/Tnfrsf1b/Cxcl13/Ccl7/Ccl2/Ccl12/Ccl20/Ccl9/Cxcr2/Tnf/Ccl4/Cxcl3/Ccl3/Il6/Cxcl6/Ccl25/Cxcl1/Cxcl2","Suppressed"
"121","EPA","rno00071","Fatty acid degradation",41,0.661199771737546,2.00234979523485,6.87550019530905e-05,0.00135487797966384,0.00100897433206703,2483,"tags=61%, list=18%, signal=50%","Acaa1b/Acsbg1/Ehhadh/Acadsb/Adh1c/Acads/Hadh/Acadm/Acat2l1/Acsbg2/Aldh9a1/Cpt1a/Aldh1b1/Aldh3a2/Eci1/Acaa2/Eci2/Adh4/Echs1/Cyp2u1/Acox1/Acat1/Acaa1a/Hadha/Hadhb","Enriched"
"122","EPA","rno04610","Complement and coagulation cascades",49,-0.669793436863353,-1.99676014875593,8.26488704376372e-05,0.00153818731092269,0.00114548434466199,2481,"tags=69%, list=18%, signal=57%","Pros1/Itgax/C1s/C1qc/F2rl3/C1qa/Serpinf2/Thbd/C1qb/C4b/F2r/C1r/C4a/F2rl2/A2m/Bdkrb2/F3/Serpine2/Masp1/Serping1/Bdkrb1/Clu/Procr/Vwf/F10/Plaur/C6/Plau/Plat/Serpine1/C2/C3/Serpinb2/Cfi","Suppressed"
"123","EPA","rno04064","NF-kappa B signaling pathway",88,-0.570056022663602,-1.87028645983343,0.000108469817358571,0.00190099173904169,0.0014156639187836,1142,"tags=24%, list=8%, signal=22%","Bcl2a1/Tnfrsf1a/Card14/Nfkbia/Ppp1r13l/Lbp/Gadd45b/Birc3/Gadd45g/Icam1/Cd40/Tnfaip3/Plau/Il1b/Tnf/Ptgs2/Tnfsf11/Ccl4/Cxcl3/Cxcl1/Cxcl2","Suppressed"
"124","EPA","rno04933","AGE-RAGE signaling pathway in diabetic complications",95,-0.553526381057369,-1.82363417658875,0.000113492044121892,0.00190099173904169,0.0014156639187836,1770,"tags=36%, list=13%, signal=31%","Vcam1/Thbd/Cdk4/Tgfbr2/Stat3/Stat1/Pik3r3/Mmp2/Col3a1/Vegfa/Plcd3/Mapk11/F3/Akt3/Sele/Tgfb1/Col1a2/Fn1/Col4a2/Mapk10/Col4a1/Pim1/Icam1/Tgfb2/Col1a1/Ccl2/Ccl12/Nox1/Il1b/Nox4/Serpine1/Il1a/Tnf/Il6","Suppressed"
"125","EPA","rno04640","Hematopoietic cell lineage",71,-0.588512325317304,-1.86267212737587,0.000153726603240425,0.00234083691297921,0.00174321554870722,1978,"tags=37%, list=15%, signal=31%","Itga3/Csf2ra/Il9r/Csf1/Itga5/Fcgr1a/Il4r/RT1-DOb/Cd8b/Il2ra/Cd3e/Cd33/Cd44/Ms4a1/Thpol1/Il1r2/Itga2b/Fcer2/Cd8a/Il1b/Csf3r/Il1a/Tnf/Cd19/Il6/Csf3","Suppressed"
"126","EPA","rno05152","Tuberculosis",138,-0.505100036973377,-1.76645794060639,0.000148577865332851,0.00234083691297921,0.00174321554870722,1943,"tags=25%, list=14%, signal=21%","Src/Camk2b/Calml4/Fcgr1a/Stat1/Cebpb/Cyp27b1/Fcgr2b/RT1-DOb/Tnfrsf1a/Tlr2/Tcirg1/Mapk11/Akt3/Fcgr2a/Fcer1g/Tgfb1/Plk3/Clec7a/Mrc2/Bid/Lbp/Mapk10/Fcgr3a/Tgfb2/Il1b/Il23a/Nod2/Il1a/Tnf/Clec4e/C3/Il6/Nos2","Suppressed"
"127","EPA","rno04625","C-type lectin receptor signaling pathway",90,-0.563798825368235,-1.8608442093502,0.000190984007769327,0.0027817235914228,0.00207154278450025,1786,"tags=26%, list=13%, signal=22%","Calml4/Stat1/Pik3r3/Nfatc4/Mapk11/Akt3/Fcer1g/Ikbke/Nfkbia/Plk3/Clec7a/Stat2/Nlrp3/Mapk10/Egr3/Bcl3/Clec4d/Il1b/Il23a/Tnf/Ptgs2/Clec4e/Il6","Suppressed"
"128","EPA","rno04062","Chemokine signaling pathway",158,-0.478614725647251,-1.69880008637231,0.000216063673382588,0.00301588877429862,0.00224592502595058,1943,"tags=23%, list=14%, signal=20%","Src/Ccl27/Grk4/Ccr4/Nfkbib/Stat3/Stat1/Adcy4/Pik3r3/Ccr5/Cxcr4/Fgr/Akt3/Cx3cl1/Adcy3/Nfkbia/Pf4/Stat2/Ccr7/Tiam1/Ccl11/Cxcl13/Ccl7/Ccl2/Ccl12/Ccl20/Ccl9/Cxcr2/Adcy8/Ccl4/Cxcl3/Ccl3/Cxcl6/Ccl25/Cxcl1/Cxcl2","Suppressed"
"129","EPA","rno04620","Toll-like receptor signaling pathway",86,-0.558173634830488,-1.82147385810538,0.00026158064850852,0.00350518069001417,0.00261029952406397,1324,"tags=22%, list=10%, signal=20%","Tlr2/Irf3/Mapk11/Akt3/Ikbke/Nfkbia/Stat2/Lbp/Mapk10/Spp1/Map3k8/Cd80/Cd40/Il1b/Tnf/Irf7/Ccl4/Ccl3/Il6","Suppressed"
"130","EPA","rno05166","Human T-cell leukemia virus 1 infection",203,-0.458527842766941,-1.66317931811984,0.000283262785281387,0.00364973204112556,0.00271794656322626,2266,"tags=28%, list=17%, signal=23%","Pttg1/Cd3d/Nfkb2/RT1-M2/Tert/Cdk4/Tgfbr2/RT1-CE15/Cdc20/Ccnb2/Il2rb/Bcl2l1/Ccna2/Tp53/Myc/Creb5/Mad2l1/Adcy4/Bub1b/Pik3r3/B2m/Slc25a4/Nfatc4/E2f2/RT1-DOb/Tnfrsf1a/Zfp36/Cdkn1a/RT1-CE16/RT1-CE1/Il2ra/Cd3e/Slc2a1/Akt3/RT1-M3-1/Adcy3/Tgfb1/Nfkbia/Il2rg/RT1-S3/Mapk10/Ccne1/Il1r2/Icam1/Tgfb2/RT1-N3/Cd40/Msx1/RT1-T24-1/Fosl1/Msx2/Tnf/Mmp7/Adcy8/Il6/Cdkn2a","Suppressed"
"131","EPA","rno05163","Human cytomegalovirus infection",196,-0.447505485368746,-1.61708783047191,0.000355937556538654,0.00441626227557219,0.00328877976217002,2219,"tags=26%, list=16%, signal=22%","RT1-M2/Cdk4/Eif4ebp1/RT1-CE15/Gng2/Src/Tp53/Myc/Creb5/Calml4/Stat3/Tap2/Adcy4/Pik3r3/Ccr5/Cxcr4/B2m/Nfatc4/E2f2/Vegfa/Tnfrsf1a/Cdkn1a/RT1-CE16/Irf3/RT1-CE1/Mapk11/Akt3/RT1-M3-1/Cx3cl1/Pdgfra/Adcy3/Prkcg/Cgas/Nfkbia/Bid/Tap1/RT1-S3/RT1-N3/Ccl2/Ccl12/Sting1/RT1-T24-1/Il1b/Cxcr2/Tnf/Ptgs2/Adcy8/Ccl4/Ccl3/Il6/Cdkn2a","Suppressed"
"132","EPA","rno05133","Pertussis",64,-0.583214685941539,-1.81891100503849,0.000499736125054405,0.00597898578190092,0.00445253615180053,1831,"tags=30%, list=13%, signal=26%","Itga5/Calml4/C4b/C1r/C4a/Irf3/Mapk11/Serping1/Nlrp3/Mapk10/Il1b/Il23a/Il1a/Tnf/C2/C3/Il6/Cxcl6/Nos2","Suppressed"
"133","EPA","rno05322","Systemic lupus erythematosus",52,-0.625138885453859,-1.86267836197809,0.000557516100918245,0.00644027220026248,0.00479605502423318,2382,"tags=48%, list=17%, signal=40%","C1s/H2bc18/C1qc/C1qa/C1qb/Hist1h2ail1/Hist1h2ac/Hist1h2bo/C4b/Fcgr1a/Cd28/C1r/Trim21/C4a/Macroh2a2/RT1-DOb/Fcgr2a/Cd80/Fcgr3a/Hist3h2ba/Cd40/C6/Tnf/C2/C3","Suppressed"
"134","EPA","rno05417","Lipid and atherosclerosis",176,-0.457570125134075,-1.64490418499934,0.000638188840899835,0.00712644205671482,0.00530704404537757,1324,"tags=24%, list=10%, signal=22%","Eif2ak3/Src/Camk2b/Bcl2l1/Tp53/Calml4/Stat3/Pik3r3/Tnfrsf1a/Tlr2/Irf3/Mapk11/Akt3/Ikbke/Sele/Nfkbia/Ncf2/Sod2/Nlrp3/Cyp2j10/Bid/Lbp/Mapk10/Ero1a/Icam1/Cd40/Ccl2/Ccl12/Nox1/Selp/Olr1/Il1b/Mmp3/Cyp1a1/Tnf/Irf7/Mmp9/Cxcl3/Ccl3/Il6/Cxcl1/Cxcl2","Suppressed"
"135","EPA","rno04623","Cytosolic DNA-sensing pathway",60,-0.599253533424943,-1.84026172850507,0.000701471431846205,0.00758041708607995,0.00564511814422922,1778,"tags=35%, list=13%, signal=31%","Cxcl10/Il33/Nfkbib/Mefv/Aim2/Polr3h/Adar/Irf3/Ikbke/Cgas/Nfkbia/Mlkl/Nlrp3/Samhd1/Sting1/Ripk3/Il1b/Irf7/Ccl4/Zbp1/Il6","Suppressed"
"136","EPA","rno04512","ECM-receptor interaction",69,-0.564316278022342,-1.7790778969424,0.000731200473924722,0.00760188702882093,0.00566110675830498,2844,"tags=58%, list=21%, signal=46%","Itga1/Sv2a/Thbs3/Gp5/Thbs1/Thbs2/Col6a4/Itgb6/Hmmr/Itga3/Col6a3/Itgb7/Itga5/Col6a2/Cd47/Hspg2/Frem2/Col6a1/Lama4/Col9a1/Itga8/Lamb1/Itga11/Cd44/Tnn/Lamc1/Agrn/Col1a2/Tnc/Fn1/Col4a2/Vwf/Spp1/Col4a1/Lama1/Col1a1/Itga2b/Lama5/Col9a3/Fras1","Suppressed"
"137","EPA","rno04630","JAK-STAT signaling pathway",110,-0.500456231764905,-1.68595498272249,0.000748842602839076,0.00760188702882093,0.00566110675830498,1961,"tags=32%, list=14%, signal=27%","Il2rb/Csf2ra/Il9r/Bcl2l1/Myc/Stat3/Cish/Stat1/Ifnlr1/Il12rb1/Pik3r3/Il4r/Cdkn1a/Il2ra/Akt3/Pdgfb/Pdgfra/Pdgfrb/Il2rg/Stat2/Lif/Il21r/Clcf1/Csf2rb/Thpol1/Pim1/Osmr/Il23a/Osm/Csf3r/Socs1/Socs3/Il6/Il22/Csf3","Suppressed"
"138","EPA","rno00920","Sulfur metabolism",10,0.839984680052245,1.80386475784882,0.000836750029602059,0.00824444882107911,0.00613962096023802,1580,"tags=80%, list=12%, signal=71%","Tst/Ethe1/Selenbp1/Bpnt1/Papss2/Papss1/Sqor/Mpst","Enriched"
"139","EPA","rno05142","Chagas disease",93,-0.530407647022523,-1.75295687285846,0.000963860756988597,0.00922552438831943,0.00687022554605406,1409,"tags=22%, list=10%, signal=19%","Tnfrsf1a/Tlr2/Cd3e/Mapk11/Bdkrb2/Akt3/Tgfb1/Nfkbia/Mapk10/Tgfb2/Gnal/Ccl2/Ccl12/Il1b/Serpine1/Tnf/Ccl3/C3/Il6/Nos2","Suppressed"
"140","EPA","rno04622","RIG-I-like receptor signaling pathway",51,-0.60340868244994,-1.79893428887574,0.00127763830758728,0.0115678062984253,0.00861451718060269,1342,"tags=24%, list=10%, signal=21%","Adar/Irf3/Mapk11/Ikbke/Nfkbia/Ifih1/Mapk10/Znfx1/Sting1/Dhx58/Tnf/Irf7","Suppressed"
"141","EPA","rno03320","PPAR signaling pathway",58,0.541676850559299,1.7586195561618,0.00125422972384131,0.0115678062984253,0.00861451718060269,1174,"tags=28%, list=9%, signal=25%","Fabp6/Apoa1/Pck1/Fabp2/Cyp8b1/Acaa1b/Acsbg1/Ppara/Hmgcs2/Slc27a6/Ehhadh/Acadm/Acsbg2/Fabp1/Cd36/Cpt1a","Enriched"
"142","EPA","rno05160","Hepatitis C",127,-0.461869967521414,-1.59341773163966,0.00151555761819635,0.0133608368972573,0.00994978270117825,1848,"tags=27%, list=14%, signal=23%","Cdk4/Cxcl10/Apaf1/Eif2ak3/Tp53/Myc/Ywhag/Stat3/Stat1/Pik3r3/Cldn6/E2f2/Tnfrsf1a/Cdkn1a/Irf3/Akt3/Ikbke/Cldn4/Nfkbia/Eif2ak2/Stat2/Bid/Mx1/Ifit1bl/Rsad2/Oas3/Tnf/Oas1a/Irf7/Socs3/Oas1b/Oas1i/Mx2/Oas2","Suppressed"
"143","EPA","rno05140","Leishmaniasis",62,-0.554056733790466,-1.717595932819,0.00168759637244798,0.0144960201223095,0.010795150884485,1778,"tags=29%, list=13%, signal=25%","Nfkbib/Fcgr1a/Stat1/RT1-DOb/Tlr2/Mapk11/Fcgr2a/Tgfb1/Nfkbia/Ncf2/Fcgr3a/Tgfb2/Il1b/Il1a/Tnf/Ptgs2/C3/Nos2","Suppressed"
"144","EPA","rno05168","Herpes simplex virus 1 infection",292,-0.392725907808409,-1.487649442357,0.00184005331366803,0.0154104465019698,0.0114761219826138,1951,"tags=20%, list=14%, signal=17%","Eif4ebp1/RT1-CE15/Apaf1/Zfp568/Eif2ak3/Src/Zfp867/Bcl2l1/Tp53/Itga5/Tap2/Stat1/Zfp248/Pik3r3/B2m/RT1-DOb/Tnfrsf1a/RT1-CE16/Tlr2/Irf3/RT1-CE1/Pml/Pilrb2/Akt3/RT1-M3-1/Giot1/Zfp286a/Nectin2/Ikbke/Cgas/Zfp57/Nfkbia/Pilra/Ifih1/Eif2ak2/Zfp617/Stat2/Bid/Tap1/RT1-S3/Birc3/RT1-N3/Ccl2/Ccl12/Sting1/RT1-T24-1/Il1b/Oas3/Tnf/Oas1a/Irf7/Socs3/Bst2/Oas1b/Oas1i/C3/Il6/Oas2","Suppressed"
"145","EPA","rno04080","Neuroactive ligand-receptor interaction",140,0.410048648555491,1.53773513114385,0.0020847489775536,0.0170339245726941,0.0126851221484006,1345,"tags=31%, list=10%, signal=29%","Edn2/Prlr/Tacr2/Ghrl/Trpv1/Nmu/Adora2b/Chrm1/Apela/Gria2/Sstr2/Tacr1/Chrna7/Thrb/Hrh1/P2rx2/Edn3/Adora1/Ptger3/Sstr1/C5/Vipr1/Lepr/Ghr/Tac3/Calca/Grin2d/P2ry1/Plg/Chrm3/Gcg/Chrm2/Adcyap1r1/Cysltr1/F2/Adora3/Agt/P2rx7/Ptger1/Gabrb3/Ptger4/Lpar2/Cnr1/Adra1b","Enriched"
"146","EPA","rno03050","Proteasome",40,-0.624204999184889,-1.78581190140561,0.00228733327407349,0.0182442058765386,0.0135864156881057,4425,"tags=88%, list=32%, signal=59%","Psmd7/Pomp/Psmd14/Psmd13/Psmb5/Psmc4/Psmb4/Psmc5/Psmd3/Psma4/Psmb6/Psmb2/Psmd1/Psmd11/Psmd2/Psmc6/Psmb7/Psmb1/Psma2/Psmc3/Psmb3/Psmc1/Psmd6/Adrm1/Psma1/Psmd8/Psma6/Psma3/Psmd12/Psma5/Psme1/Psmf1/Psme2/Psmb9/Psmb8","Suppressed"
"147","EPA","rno05206","MicroRNAs in cancer",153,-0.448026436312699,-1.58306559448258,0.0031966829145537,0.0249043901482672,0.0185462386964315,1888,"tags=26%, list=14%, signal=23%","Hmga2/Kif23/Tp53/Myc/Itga5/Stat3/Bcl2l11/Pik3r3/E2f2/Dnmt3b/Vegfa/Slc7a1/Cdkn1a/Efna3/Rdx/Pdgfb/Timp3/Pdgfra/Cd44/Notch2/Prkcg/Tnn/Pdgfrb/Notch4/Efna5/Tnc/Ccne1/Pim1/Fscn1/Abcb1b/Hmox1/Tgfb2/Irs1/Plau/Socs1/Hoxd10/Cyp1b1/Ptgs2/Mmp9/Cdkn2a","Suppressed"
"148","EPA","rno04964","Proximal tubule bicarbonate reclamation",20,0.696604655327789,1.79147545212734,0.00330476913067298,0.0251613104267148,0.0187375666021411,552,"tags=30%, list=4%, signal=29%","Pck1/Slc9a3/Car4/Atp1a2/Car2/Slc25a10","Enriched"
"149","EPA","rno05340","Primary immunodeficiency",27,-0.674815037441745,-1.78280358269882,0.00341815323127081,0.0254462518327938,0.018949761773361,3095,"tags=67%, list=23%, signal=52%","Zap70/Dclre1c/Ada/Il7r/Ptprc/Blnk/Cd3d/Tap2/Cd8b/Cd3e/Icos/Il2rg/Tap1/Cd40/Cd8a/Tnfrsf13b/Cd79a/Cd19","Suppressed"
"150","EPA","rno05134","Legionellosis",52,-0.583573959854491,-1.7388305429851,0.00357692575140624,0.0260493505808932,0.0193988879424091,189,"tags=17%, list=1%, signal=17%","Nfkbia/Bnip3/Il1b/Tnf/Cxcl3/C3/Il6/Cxcl1/Cxcl2","Suppressed"
"151","EPA","rno00601","Glycosphingolipid biosynthesis - lacto and neolacto series",26,0.650931980261632,1.77612505664755,0.00393961620590916,0.0277235788298748,0.0206456816423577,1526,"tags=54%, list=11%, signal=48%","Abo3/Fut9/St3gal3/Fut4/B3galt2/Abo/B3gnt4/Fut7/B3galt5/A4galt/Fut1/Gcnt2/B3gnt2/B3gnt3","Enriched"
"152","EPA","rno05161","Hepatitis B",135,-0.449863088166216,-1.56398334805594,0.00397233368308654,0.0277235788298748,0.0206456816423577,2142,"tags=26%, list=16%, signal=22%","Tgfbr2/Apaf1/Src/Ccna2/Tp53/Myc/Creb5/Stat3/Stat1/Pik3r3/Birc5/Nfatc4/E2f2/Hspg2/Cdkn1a/Tlr2/Irf3/Mapk11/Akt3/Ikbke/Prkcg/Tgfb1/Nfkbia/Ifih1/Stat2/Bid/Mapk10/Ccne1/Egr3/Tgfb2/Casp12/Tnf/Irf7/Mmp9/Il6","Suppressed"
"153","EPA","rno00280","Valine, leucine and isoleucine degradation",49,0.540739307172307,1.68958323399539,0.00478598615507609,0.0320661072390098,0.0238795519737481,2672,"tags=55%, list=20%, signal=44%","Acaa1b/Hmgcs2/Aox2/Ehhadh/Acadsb/Acads/Hadh/Mcee/Acadm/Acat2l1/Aldh6a1/Aldh9a1/Aldh1b1/Pcca/Aldh3a2/Acaa2/Echs1/Aox1/Bckdha/Mccc1/Acat1/Hsd17b10/Acaa1a/Hadha/Hadhb/Hibadh/Hmgcs1","Enriched"
"154","EPA","rno00620","Pyruvate metabolism",40,0.559825407044981,1.68690782993872,0.00473810488637777,0.0320661072390098,0.0238795519737481,2188,"tags=38%, list=16%, signal=32%","Pck1/Acss1/Pc/Acss2/Adh1c/Ldhd/Grhpr/Acat2l1/Aldh9a1/Aldh1b1/Aldh3a2/Adh4/Hagh/Acat1/Me1","Enriched"
"155","EPA","rno00603","Glycosphingolipid biosynthesis - globo and isoglobo series",17,0.703090078967083,1.72964996248714,0.00525067596363667,0.0344897342709467,0.0256844211224332,1353,"tags=47%, list=10%, signal=42%","Abo3/Hexb/Fut9/Abo/B3galt5/A4galt/Fut1/St3gal1","Enriched"
"156","EPA","rno05332","Graft-versus-host disease",33,-0.638191055141296,-1.75515128674323,0.00584593403764898,0.0376613058194694,0.028046282731231,1715,"tags=48%, list=13%, signal=42%","RT1-M2/RT1-CE15/Cd28/RT1-DOb/RT1-CE16/RT1-CE1/RT1-M3-1/Prf1/RT1-S3/Cd80/RT1-N3/RT1-T24-1/Il1b/Il1a/Tnf/Il6","Suppressed"
"157","EPA","rno05145","Toxoplasmosis",95,-0.475700511484671,-1.56723101238111,0.00647550056074895,0.0409300507141679,0.03048050909429,1867,"tags=27%, list=14%, signal=24%","Bcl2l1/Nfkbib/Stat3/Stat1/Ccr5/RT1-DOb/Tnfrsf1a/Lama4/Tlr2/Mapk11/Akt3/Lamb1/Tgfb1/Nfkbia/Lamc1/Mapk10/Birc3/Lama1/Tgfb2/Cd40/Igtp/Lama5/Irgm/Socs1/Tnf/Nos2","Suppressed"
"158","EPA","rno04936","Alcoholic liver disease",116,-0.451529668706002,-1.54429198306944,0.0069369594243438,0.043034840873244,0.0320479412001848,1472,"tags=18%, list=11%, signal=16%","C4a/Tnfrsf1a/Irf3/Mapk11/Akt3/Lef1/Ikbke/Nfkbia/Lbp/Mapk10/Adipoq/Il1b/Nox4/Tnf/C2/Il17a/Cxcl3/C3/Il6/Cxcl1/Cxcl2","Suppressed"
"159","Combo","rno04657","IL-17 signaling pathway",76,-0.789401285787945,-2.78049466057199,1e-10,1.68e-08,1.17368421052632e-08,632,"tags=34%, list=5%, signal=33%","Hsp90aa1/Cebpb/Ccl7/Ccl2/Mmp3/Fos/Ccl20/Tnfaip3/Il1b/Fosb/Mmp9/Tnf/Fosl1/Muc5b/Cxcl3/Cxcl6/Lcn2/Cxcl2/Cxcl1/Ptgs2/Mmp13/S100a8/Il17a/S100a9/Il17c/Csf3","Suppressed"
"160","Combo","rno03010","Ribosome",129,-0.645974892655915,-2.48724003630829,1e-10,1.68e-08,1.17368421052632e-08,3789,"tags=84%, list=28%, signal=62%","mrpl24/Mrps21/Mrps18a/Rplp1/Rps9/Mrpl16/Mrpl13/Mrpl3/Rpl18a/Rpl22/Rps13/Rps6/Rpsa/Rpl18/Rpl13/Mrpl18/Rpl8/Mrpl19/Rps5/Mrpl23/Fau/Mrps5/Rpl6/Rps8/Rpl37a/Rps27/Rpl21/Rps11/Rpl19/Rpl23/Rplp2/Rpl15/Mrps14/Mrpl10/Rps29/Mrpl1/Rpl26/Rpl4/Rpl31/Rps28/Rpl12/Mrpl30/Rpl7a/mrpl11/Rn5-8s/Rpl29/Mrpl27/Mrps16/Rplp0/Rpl24/Rpl23a/Rps19/Rps14/Rps2/Uba52/Rpl32/Mrps11/Rpl27l1/Mrpl12/Rps15/Rps24/Rpl14/Rpl35a/Rpl17/Mrps12/Mrpl21/Mrpl20/Rpl28/Rps10/Mrpl32/Rpl27/Rpl10a/Rps3/Rpl13a/Mrps2/Rpl11/Mrpl28/Rpl36al1/Rps16/Rpl34/Mrpl35/Mrps15/Rps15a/Rpl36/Rpl35/Rps21/Rps12/Rpl37/Mrpl22/Mrps18c/Mrpl17/Rps27a/Rps18/Rps23/Rps25/Mrps7/Rps12l3/Rps17/Mrps10/Rpl9/Mrpl4/Rpl38/Rps20/Rpl30l1/Rpl22l1/Rps27l/Rpl39/Rpl37l1/Rps15al4","Suppressed"
"161","Combo","rno04080","Neuroactive ligand-receptor interaction",149,0.530750396063639,1.96250281166234,2.46661971353575e-07,2.76261407916004e-05,1.93002174076657e-05,1411,"tags=37%, list=10%, signal=33%","Ghrl/Tacr2/Edn2/Vip/Prlr/Gcgr/Ppy/Gcg/Trpv1/Avpr1b/Tac3/Sstr1/Pyy/Nmu/Ptger3/Npy1r/Chrna7/Adcyap1r1/Adora1/Gria2/Gabrb3/P2rx5/Adora2b/Thrb/Chrm1/Tacr1/Cnr1/Lepr/Ptger1/Edn3/Adrb1/Gria4/Cysltr1/Vipr1/Sstr2/Gpr156/Ghr/Adora3/Edn1/Calcrl/Hrh1/Vipr2/Agtr1a/Gabrr2/Gipr/P2ry4/Agt/Grin1/P2ry1/Lpar1/P2rx3/P2rx1/Aplnr/P2rx7/Chrm3","Enriched"
"162","Combo","rno05171","Coronavirus disease - COVID-19",193,-0.48949129642668,-1.99730170093272,3.86911456577259e-07,3.25005623524898e-05,2.27055933728234e-05,3467,"tags=57%, list=25%, signal=43%","Rpl18a/Rpl22/Rela/Rps13/Rps6/Rpsa/Rpl18/Rpl13/Mapk13/Rpl8/Rps5/Fau/Myd88/Rpl6/Rps8/Rpl37a/Rps27/Irf3/Nlrp3/Rpl21/Rps11/Rpl19/Rpl23/Rplp2/Rpl15/Oas3/Rps29/Rpl26/Mapk14/Casp1/Rpl4/Rpl31/Rps28/Rpl12/Rpl7a/Traf3/Rpl29/Rplp0/Rpl24/Rpl23a/Rps19/F2/Rps14/Rps2/Uba52/Rpl32/Masp1/Rpl27l1/Rps15/Rps24/Rpl14/Rpl35a/Oas1b/Rpl17/Rpl28/Rps10/Rpl27/Rpl10a/Rps3/Rpl13a/Rpl11/Rpl36al1/Mx2/Stat3/Rps16/Rpl34/Vwf/Rps15a/Rpl36/Rpl35/Rps21/Rps12/Rpl37/Oas2/Mapk10/Cgas/Rps27a/Rps18/Rps23/Tmprss2/Rps25/Rps12l3/Rps17/Rpl9/Nfkbib/Nfkbia/Rpl38/Oas1i/Tlr2/Rps20/Rpl30l1/Ccl12/Tnfrsf1a/Rpl22l1/C6/Rps27l/C2/Rpl39/Ccl2/Mmp3/Fos/Selp/Rpl37l1/Rps15al4/Il1b/Hbegf/Sting1/Tnf/C3/Csf3","Suppressed"
"163","Combo","rno04060","Cytokine-cytokine receptor interaction",182,-0.493382930575975,-1.99354407103252,8.93090712836255e-07,6.00156959025963e-05,4.19282587289442e-05,874,"tags=25%, list=6%, signal=24%","Ccl12/Il1rl1/Tnfrsf9/Tnfrsf1a/Csf3r/Tnfsf18/Tnfrsf21/Cx3cl1/Ccr8/Clcf1/Tnfrsf1b/Osmr/Ccl7/Il4r/Ccl2/Ccl4/Gdf15/Ccl20/Cxcl17/Csf2rb/Cxcr2/Tnfsf9/Ebi3/Lif/Tnfrsf12a/Epor/Ccl9/Tnfrsf11b/Inhbb/Thpol1/Il1b/Tnf/Il23a/Ccl25/Il1a/Il10/Cxcl3/Cxcl6/Cxcl2/Osm/Cxcl1/Tnfsf11/Il17a/Il17c/Il22/Csf3","Suppressed"
"164","Combo","rno03050","Proteasome",40,-0.761970870507097,-2.40748547053793,1.19101644258808e-06,6.66969207849326e-05,4.65959064380952e-05,3155,"tags=95%, list=23%, signal=73%","Psmd7/Psma7/Psmd6/Psmd4/Psmc2/Psme1/Psmd1/Psmc6/Psmd11/Psmd13/Psma4/Psmc1/Psmd2/Psmc3/Psmd14/Psmb3/Psmb1/Psma1/Psmf1/Psmb4/Pomp/Adrm1/Psmd12/Psmc5/Psmc4/Psma2/Psmd3/Psma3/Psmb2/Psmb7/Psmd8/Psmb5/Psma6/Psmb6/Psme2/Psmb9/Psma5/Psmb8","Suppressed"
"165","Combo","rno04820","Cytoskeleton in muscle cells",176,0.487874156879525,1.83863691380089,2.60450274035923e-06,0.000125016131537243,8.73389640752044e-05,2554,"tags=38%, list=19%, signal=31%","Obscn/Atp1a2/Col6a6/Sgce/Myh11/Lmod1/Dtna/Fmn2/Fbln2/Ank2/Tmod2/Des/Eno3/Daam2/Sspn/Synpo2/Actg2/Col24a1/Thbs4/Mybpc1/Pdlim3/Tpm2/Col6a5/Col4a6/Sgca/Acta1/Tmod1/Myl9/Fbln1/Flnc/Fhl1/Myom1/Lama2/Itga4/Tnnt2/Itgb8/Neb/Col4a3/Atp1b2/Pdlim4/Ank3/Syne1/Myh7b/Sdc2/Actn2/Tln2/Syne2/Ldb3/Sun2/Tnnt3/Col6a4/Syne3/Itga9/Tmod4/Sgcb/Itgb3/Sdc3/Pdlim2/Myh14/Fbn2/Thbs3/Itga1/Nebl/Col27a1/Ankrd1/Col4a5","Enriched"
"166","Combo","rno04110","Cell cycle",147,-0.50945897818164,-1.99271828216882,5.54092783428022e-06,0.000232718969039769,0.000162582487769012,2725,"tags=44%, list=20%, signal=35%","Anapc5/Ywhae/Ywhah/Mad2l1bp/Fzr1/E2f5/Chek1/E2f3/Ccnd3/Tgfb1/Mcm7/Mcm3/Skp1/E2f4/Fbxo5/Mcm6/Ddx11/Anapc15/Cdk2/Knl1/Anapc10/Tp53/Mtbp/Tfdp1/Cdc6/Cdc7/Mcm4/Tgfb2/Sfn/Pcna/Pttg1/Dbf4/Ccnb2/Skp2/Espl1/Mcm5/Ticrr/Sgo1/Bub1b/Bub1/Ndc80/Ccne2/Myc/Cdc45/Cdca5/Aurkb/Cdkn1a/Trip13/Orc1/Pkmyt1/Ttk/Ywhag/Ccna2/Esco2/Mad2l1/Cdc20/Ccnb1/Orc6/Plk1/E2f2/Cdk1/Gadd45g/Ccne1/Cdkn2a","Suppressed"
"167","Combo","rno04668","TNF signaling pathway",110,-0.541014881109934,-2.01710938735838,8.25277180698088e-06,0.000308103480793953,0.00021524773250956,1043,"tags=27%, list=8%, signal=25%","Mapk10/Rhbdf1/Icam1/Nfkbia/Ifi47/Ccl12/Tnfrsf1a/Cx3cl1/Tnfrsf1b/Birc3/Cebpb/Junb/Ccl2/Mmp3/Fos/Ccl20/Nod2/Tnfaip3/Lif/Bcl3/Il1b/Mmp9/Tnf/Ripk3/Cxcl3/Cxcl6/Cxcl2/Cxcl1/Socs3/Ptgs2","Suppressed"
"168","Combo","rno03008","Ribosome biogenesis in eukaryotes",73,-0.609967475396927,-2.11185056561844,1.04284436088747e-05,0.000325556768555463,0.000227440975525903,4219,"tags=84%, list=31%, signal=58%","Nat10/Gnl3l/Gnl2/Lsg1/Csnk2a1/Pop7/Riok1/Rexo5/Eif6/Afg2a/Wdr3/Csnk2a2/Pop5/Rpp25l/Rpp40/Mdn1/Nxt2/Utp6/Dkc1/Rexo2/Gtpbp4/Imp3/Wdr36/Mphosph10/Rrp7a/Tcof1/Nob1/Xpo1/Csnk2b/Imp4/Fcf1/Nmd3/Rn5-8s/Tbl3/Utp14a/Heatr1/Pwp2/Utp15/Nxt1/Riok2/Wdr43/Pop1/Gar1/Rpp38/Rpp30/Utp18/Rbm28/Rpp25/Fbl/Gnl3/Rcl1/Pop4/Nop58/Snu13/Nop56/Utp4/Ak6/Ran/Nop10/Nhp2/Emg1","Suppressed"
"169","Combo","rno04713","Circadian entrainment",72,0.591023003260859,1.97718552485525,1.06581084943753e-05,0.000325556768555463,0.000227440975525903,2772,"tags=53%, list=20%, signal=42%","Per3/Adcyap1r1/Gria2/Gucy1a1/Rasd1/Ryr2/Adcy5/Prkacb/Cacna1h/Gria4/Prkg1/Cacna1c/Kcnj5/Adcy2/Per1/Adcy1/Gucy1b1/Prkcb/Grin1/Ryr1/Prkca/Gnb5/Adcy10/Per2/Plcb1/Gng8/Gnb4/Gng11/Gnb3/Nos1ap/Plcb2/Grin2d/Rps6ka5/Adcy7/Creb1/Adcy9/Cacna1d/Camk2g","Enriched"
"170","Combo","rno04024","cAMP signaling pathway",159,0.49043205624446,1.82944981715726,1.28365065380445e-05,0.000359422183065246,0.000251100084033678,1491,"tags=26%, list=11%, signal=24%","Ghrl/Edn2/Vip/Gcg/Atp1a2/Sstr1/Ptger3/Npy1r/Adcyap1r1/Adora1/Gria2/Chrm1/Ryr2/Fxyd1/Adcy5/Prkacb/Edn3/Adrb1/Gria4/Cacna1c/Sstr2/Ppara/Atp2a3/Myl9/Adcy2/Edn1/Vipr2/Pik3r1/Hhip/Pde3a/Gipr/Adcy1/Atp1b2/Kcnk2/Grin1/Vav3/Creb3l2/Cftr/Pde4c/Ffar2/Adcy10/Gli1","Enriched"
"171","Combo","rno03013","Nucleocytoplasmic transport",95,-0.56236771379085,-2.03429437585708,1.72993632664436e-05,0.000447122004425004,0.000312369069507443,4049,"tags=63%, list=29%, signal=45%","Nup88/Nup214/Nup153/Rae1/Ipo13/Ipo8/Ncbp1/Sumo1/Nxt2/Thoc1/Nup188/Sap18/Thoc5/Tmem33/Thoc3/Nup210/Tnpo2/Xpo4/Pym1/Kpna3/Ddx39b/Kpnb1/Kpna4/Xpo5/Sec13/Cse1l/Nup160/Xpo1/Ipo7/Nup54/Pom121/Nmd3/Kpna2/Nup93/Rnps1/Nup62/Ipo9/Ipo4/Magoh/Rbm8a/Nup133/Thoc6/Thoc7/Nxt1/Nup37/Alyref/Nup205/Eif4a3/Ipo5/Nup107/Nup155/Ndc1/Nup35/Ranbp17/Nup85/Xpot/Nup43/Aaas/Rangap1/Ran","Suppressed"
"172","Combo","rno04020","Calcium signaling pathway",175,0.477594476972111,1.80093165913155,2.15489955040379e-05,0.00051717589209691,0.000361310225368455,2243,"tags=36%, list=16%, signal=31%","Tacr2/Avpr1b/Ptger3/Casq2/Chrna7/P2rx5/Adora2b/Chrm1/Ryr2/Tacr1/Fgfr3/Cacna1b/Vegfd/Pde1b/Ptger1/Prkacb/Ret/Cacna1h/Plcd1/Adrb1/Fgf9/Itpka/Cacna1c/Cysltr1/Atp2a3/Egf/Gna14/Adcy2/Hrh1/Agtr1a/Pdgfa/Flt4/Itpr2/Mylk/Pdgfd/Adcy1/Prkcb/Grin1/P2rx3/Ryr1/Cd38/Prkca/Fgf1/Slc8a3/P2rx1/Kdr/P2rx7/Asph/Stim1/Chrm3/Adra1d/Plcb1/Camk4/Erbb2/Pde1c/P2rx2/Cacna1a/Plce1/Plcb2/Chrm2/Grin2d/Fgf20/P2rx6","Enriched"
"173","Combo","rno05146","Amoebiasis",84,-0.577232201124817,-2.0626035762469,3.99898859063011e-05,0.000839787604032323,0.000586693720862181,1345,"tags=26%, list=10%, signal=24%","Gnal/Il1r2/Tgfb2/Arg2/Prdx1l1/Lamc2/Tlr2/Lama1/Arg1/Hspb1/Lama5/Prdx1/Il1b/Tnf/Il10/Cxcl3/Cxcl2/Cxcl1/Nos2/Serpinb13/Serpinb3/Serpinb3a","Suppressed"
"174","Combo","rno05014","Amyotrophic lateral sclerosis",298,-0.391702012806098,-1.66420324170198,3.85180528509478e-05,0.000839787604032323,0.000586693720862181,4052,"tags=48%, list=29%, signal=35%","Sod1/Nup88/Ndufb9/Nup214/Nup153/Rae1/Ndufs6/Pfn1/Uqcrh/Ndufb5/Ndufs8/Daxx/Ndufc1/Atf6/ND1/Ncbp1/Ndufb8/Chmp2b/Dctn3/Apaf1/Nxt2/Map2k3/Cox6b1/COX1/Nup188/Vcp/ATP6/Ndufa6/Mapk13/Atp5mc3/Ubqln1/Nup210/Cox6a1/Psmd7/Atxn2l/Mcu/Atp5po/Actr10/Ndufs5/Atp5mc1/Psma7/Psmd6/ATP8/Sec13/Ndufa12/Psmd4/Cycs/Hdac6/Nup160/Klc2/Psmc2/Derl1/Ndufs4/Ndufa5/Psmd1/Psmc6/Cox7c/Nup54/Psmd11/Mapk14/Psmd13/Ndufb6/Casp1/Pom121/Ndufb7/Psma4/Psmc1/Rac1/Nup93/Psmd2/Psmc3/Nup62/Psmd14/Psmb3/Psmb1/Hspa5/Psma1/Cox7b/Psmb4/Ndufa11/Nup133/Cox7a2/Adrm1/Ndufa4l2/Atf4/Nxt1/Nup37/Ndufab1/Bcl2l1/Psmd12/Psmc5/Alyref/Uqcr10/Nup205/Psmc4/Bax/Psma2/Psmd3/Psma3/Psmb2/Psmb7/Tp53/Psmd8/Nup107/Nup155/Ndc1/Psmb5/Eif2s1/Nup35/Psma6/Ndufa2/Cox4i2/Eif2ak3/Psmb6/Tubb5/Tubb2b/Nup85/Tuba1a/Nup43/Psma5/Nefh/Uqcrq/Ndufa4/Actb/Tomm40/Tubb4b/Tuba4a/Sigmar1/Tnfrsf1a/Actg1/Tnfrsf1b/Casp12/Pfn2/Tuba1c/ND6/Bid/Dnah17/Nrg1/Slc1a2/Tubb6/Gpx2/Tnf/Nefm/Nos2","Suppressed"
"175","Combo","rno03040","Spliceosome",122,-0.472274609513162,-1.81022650269259,0.000148668994841462,0.00293839895686654,0.00205282884517932,4784,"tags=61%, list=35%, signal=40%","Cwc15/Tra2b/Hnrnpa3/U2af2/Isy1/Aqr/Dhx15/Srsf3/Prpf19/Smndc1/Hnrnpa1/Hnrnpk/Srsf9/Srsf1/Ctnnbl1/Hnrnpc/Tcerg1/Snrpb2/Sf3b4/Sf3a1/Plrg1/Ncbp1/Sf3b3/Srsf2/Pqbp1/Lsm8/Wbp11/Thoc1/Lsm5/Prpf4/Prpf38a/Thoc3/Pcbp1/Lsm6/Snrpe/U2af1/Sf3b6/Prpf31/Cherp/Snrnp27/Ddx39b/Bcas2/Sf3a3/Rbm17/Ppie/Phf5a/Usp39/Snrnp40/Snrpd1/Eftud2/Hspa8/Bud31/Sf3b5/Sf3a2/Magoh/Rbm8a/Snrpf/Snrpd3/Snrpb/Alyref/Eif4a3/Snrpd2/Ppil1/Ppih/Lsm3/Snrpa1/Snrpc/Lsm4/Snu13/Lsm7/Snrpg/Lsm2/Snrpa/Hspa1a","Suppressed"
"176","Combo","rno04911","Insulin secretion",63,0.563864959615685,1.83389175244524,0.000235451835872512,0.0043951009362869,0.0030705122455889,2965,"tags=54%, list=22%, signal=43%","Gcg/Atp1a2/Kcnj11/Adcyap1r1/Ryr2/Abcc8/Adcy5/Prkacb/Snap25/Cacna1c/Pclo/Kcnn3/Kcnmb1/Adcy2/Adcy1/Atp1b2/Prkcb/Creb3l2/Prkca/Chrm3/Rapgef4/Plcb1/Plcb2/Trpm4/Kcnn4/Fxyd2/Adcy7/Creb1/Kcnma1/Adcy9/Cacna1d/Camk2g/Atp1a3/Atp1b1","Enriched"
"177","Combo","rno04115","p53 signaling pathway",67,-0.560349787878075,-1.9179332845987,0.000287002581246257,0.00507541406835485,0.00354579366304239,2588,"tags=40%, list=19%, signal=33%","Siva1/Zmat3/Chek1/Pidd1/Ccnd3/Casp8/Bcl2l1/Bax/Cdk2/Tp53/Sfn/Zfp385a/Ppp1r13l/Ccnb2/Ccne2/Serpinb5/Cdkn1a/Pmaip1/Ccnb1/Bid/Gtse1/Cdk1/Gadd45g/Rrm2/Ccne1/Serpine1/Cdkn2a","Suppressed"
"178","Combo","rno05323","Rheumatoid arthritis",68,-0.560835811008203,-1.92127266276495,0.000351314136090311,0.00590207748631723,0.00412331854463891,1256,"tags=29%, list=9%, signal=27%","Icam1/Tgfb2/Ccl3/Ctsl/Tlr2/Ccl12/Ccl2/Mmp3/Fos/Ccl20/Il1b/Tnf/Il23a/Il1a/Cxcl3/Cxcl6/Cxcl2/Cxcl1/Tnfsf11/Il17a","Suppressed"
"179","Combo","rno04740","Olfactory transduction",35,0.645804769794629,1.8968615883477,0.00038563635302262,0.00617018164836192,0.00431062189092953,1895,"tags=40%, list=14%, signal=35%","Ano2/Olr35/Olr1585/Pde1b/Prkacb/Olr59/Prkg1/Or5au1/Grk3/Slc8a3/Pde2a/Or51e1/Pde1c/Or13a27b","Enriched"
"180","Combo","rno04630","JAK-STAT signaling pathway",112,-0.468346827610148,-1.74966278970678,0.000764764841983356,0.0116800448593822,0.00815993108910471,873,"tags=16%, list=6%, signal=15%","Myc/Cdkn1a/Csf3r/Pim1/Clcf1/Osmr/Il4r/Csf2rb/Lif/Epor/Thpol1/Socs1/Il23a/Il10/Osm/Socs3/Il22/Csf3","Suppressed"
"181","Combo","rno03320","PPAR signaling pathway",59,0.549992622116372,1.76757666837449,0.000817029772786218,0.0119357392893987,0.0083385647291225,1216,"tags=24%, list=9%, signal=22%","Plin4/Pck1/Cyp8b1/Fabp6/Apoa1/Fabp2/Acaa1b/Ppara/Slc27a6/Acsbg1/Ehhadh/Cd36/Cyp27a1/Cpt1c","Enriched"
"182","Combo","rno00190","Oxidative phosphorylation",110,-0.456596420547325,-1.70236523666545,0.000972671589913162,0.0136174022587843,0.00951341072590505,5731,"tags=75%, list=42%, signal=44%","Ndufa10/Lhpp/Atp6v0a1/Atp6v0e2/Ndufv3/Atp5f1c/CYTB/Tcirg1/Cox5b/Ndufs3/Atp6v1b2/Cyct/Ndufv1/Ndufs1/COX3/Ndufa8/Cox4i1/Ndufb11/Sdhc/Atp5pf/Atp5f1d/Uqcrb/Ndufa9/Atp5pd/ND3/Atp5pb/Ndufa13/Atp5mc2/Uqcrfs1/Ndufa3/COX2/Ndufc2/Ndufb3/Cox5a/Cox6c/Cyc1/Ndufb9/Atp6v1a/Ndufs6/Uqcrh/Ndufb5/Ndufs8/Ndufc1/ND1/Atp5me/Ndufb8/Cox6b1/COX1/ATP6/Ndufa6/Atp5mc3/Cox6a1/Atp5po/Ndufs5/Atp6v1e1/Atp6ap1/Atp5mc1/ATP8/Ndufa12/Cycs/Ndufs4/Ndufa5/Cox7c/Atp6v1d/Atp5mg/Ndufb6/Ndufb7/Atp6v0c/Cox7b/Ndufa11/Cox7a2/Ndufa4l2/Ndufab1/Atp5mf/Uqcr10/Atp6v1c2/Ppa1/Ndufa2/Cox4i2/Uqcrq/Ndufa4/ND6","Suppressed"
"183","Combo","rno04659","Th17 cell differentiation",88,-0.485271289691168,-1.74749660949075,0.00102151638627038,0.0137291802314739,0.00959150122687559,1436,"tags=18%, list=10%, signal=16%","Il1rap/Mapk10/Nfkbib/Nfkbia/Irf4/Hif1a/Hsp90aa1/Cd3g/Il4r/Fos/Ebi3/Il1b/Gata3/Il23a/Il17a/Il22","Suppressed"
"184","Combo","rno05321","Inflammatory bowel disease",50,-0.555277150766141,-1.83230537638002,0.00110812290641254,0.0137899739464672,0.00963397302651062,527,"tags=30%, list=4%, signal=29%","Stat3/Il12rb2/Il18rap/Tgfb2/Tlr2/Il4r/Nod2/Il1b/Gata3/Tnf/Il23a/Il1a/Il10/Il17a/Il22","Suppressed"
"185","Combo","rno04725","Cholinergic synapse",82,0.503558389074926,1.70927270186572,0.00108737122694059,0.0137899739464672,0.00963397302651062,2772,"tags=44%, list=20%, signal=35%","Chrna7/Ache/Chrm1/Cacna1b/Kcnq4/Adcy5/Prkacb/Cacna1c/Pik3cg/Adcy2/Pik3r1/Itpr2/Adcy1/Pik3r6/Prkcb/Creb3l2/Prkca/Gnb5/Chrm3/Plcb1/Camk4/Kcnj12/Gng8/Cacna1a/Gnb4/Gng11/Gnb3/Fyn/Plcb2/Chrm2/Kcnq1/Adcy7/Creb1/Adcy9/Cacna1d/Camk2g","Enriched"
"186","Combo","rno04726","Serotonergic synapse",76,0.51682907535777,1.7330933042901,0.00115859664024984,0.013903159682998,0.00971304702164336,2089,"tags=37%, list=15%, signal=31%","Cyp2c24/Cyp2d3/Gabrb3/Slc18a2/Cacna1b/Alox5/Cyp2c55/Adcy5/Prkacb/Cacna1c/Ptgs1/Maob/Cyp2j4/Slc6a4/Kcnj5/Kcnd2/Itpr2/Prkcb/Prkca/Gnb5/Plcb1/Gng8/Cyp2d2/Cacna1a/Gnb4/Gng11/Gnb3/Plcb2","Enriched"
"187","Combo","rno04261","Adrenergic signaling in cardiomyocytes",110,0.467478629762453,1.65894680434752,0.00133642407758062,0.0154840858643824,0.0108175161270591,2373,"tags=35%, list=17%, signal=29%","Scn7a/Atp1a2/Ryr2/Ppp1r1a/Scn4b/Adcy5/Prkacb/Adrb1/Cacnb2/Cacnb1/Cacna1c/Cacna2d1/Tpm2/Atp2a3/Pik3cg/Adcy2/Agtr1a/Tnnt2/Agt/Adcy1/Pik3r6/Atp1b2/Kcnk2/Creb3l2/Prkca/Slc8a3/Adra1d/Rapgef4/Plcb1/Scn1b/Ppp2r2b/Cacnb3/Plcb2/Popdc2/Rps6ka5/Fxyd2/Kcnq1/Adcy7","Enriched"
"188","Combo","rno04610","Complement and coagulation cascades",50,-0.542383793351013,-1.78975983299014,0.001708696273236,0.0191373982602431,0.0133697989098816,810,"tags=26%, list=6%, signal=25%","Cd55/C6/C2/Procr/F3/Plau/Bdkrb1/Plaur/Serpine1/Plat/C3/Serpinb2/Cfi","Suppressed"
"189","Combo","rno04960","Aldosterone-regulated sodium reabsorption",31,0.623614761123502,1.79162376195931,0.00187262959926012,0.0202126325277782,0.0141209807446571,1523,"tags=42%, list=11%, signal=37%","Atp1a2/Scnn1g/Scnn1b/Hsd11b2/Nr3c2/Scnn1a/Sgk1/Pik3r1/Nherf2/Atp1b2/Prkcb/Prkca/Insr","Enriched"
"190","Combo","rno04621","NOD-like receptor signaling pathway",153,-0.400598337597645,-1.58517029285552,0.00192501262169316,0.0202126325277782,0.0141209807446571,1071,"tags=16%, list=8%, signal=15%","Nfkbib/Nfkbia/Oas1i/Ccl12/Antxr2/Defa8/Hsp90aa1/Defa24/Birc3/Casp12/Ccl2/Nod2/Tnfaip3/Casp4/Defal1/Il1b/Nlrp12/Sting1/Defa6/Tnf/Ripk3/Cxcl3/Cxcl2/Cxcl1","Suppressed"
"191","Combo","rno03020","RNA polymerase",30,-0.655727931320382,-1.94844406266429,0.00205982735208733,0.0209727875848892,0.0146520414518493,3595,"tags=73%, list=26%, signal=54%","Polr2e/Polr1h/Polr1c/Polr3a/Polr3b/Polr1a/Polr2g/Polr2i/Polr2j/Polr2f/Polr1b/Polr2h/Polr3e/Polr3d/Polr3g/Polr1e/Polr2c/Polr1f/Polr1g/Polr2d/Polr2k/Polr3h","Suppressed"
"192","Combo","rno05133","Pertussis",64,-0.522608889389629,-1.76271955610719,0.00218722796938343,0.0209973885060809,0.0146692281856392,713,"tags=17%, list=5%, signal=16%","Calml4/C2/Fos/Il1b/Tnf/Il23a/Il1a/Il10/Cxcl6/C3/Nos2","Suppressed"
"193","Combo","rno01240","Biosynthesis of cofactors",118,-0.437121261736854,-1.65994253174477,0.00214542459255566,0.0209973885060809,0.0146692281856392,2677,"tags=33%, list=19%, signal=27%","Flad1/Hmbs/Mthfd2l/Nfs1/Cmpk2/Adss/Adsl/Alas1/Coq7/Coq3/Naprt/Afmid/Umps/Fpgs/Ggh/Lipt1/Dhodh/Mthfd1/Akr1a1/Adss1/Nme1/Spr/Ak6/Pdxk/Shmt1/Nme2/Shmt2/Pdxp/Ctps1/Nqo1/Alpl/Mthfd1l/Ido1/Mthfd2/Bcat1/Psat1/Alas2/Ak4/Ugt2b7","Suppressed"
"194","Combo","rno00970","Aminoacyl-tRNA biosynthesis",42,-0.589603408386939,-1.87926125866053,0.00254080144675145,0.0230732239488781,0.0161194515682951,3130,"tags=55%, list=23%, signal=42%","Eprs1/Rars1/Kars1/Fars2/Lars1/Yars2/Mars2/Sars1/Hars1/Mars1/Lars2/Farsa/Aars1/Wars1/Pars2/Iars1/Tars1/Cars1/Farsb/Gars1/Nars1/Vars1/Yars1","Suppressed"
"195","Combo","rno04141","Protein processing in endoplasmic reticulum",149,-0.412950045231976,-1.62046704640189,0.00249130884076877,0.0230732239488781,0.0161194515682951,4532,"tags=56%, list=33%, signal=38%","Sec63/Ube4b/Mbtps2/Dnajc3/Sec24a/Derl2/Sec31b/Edem2/P4hb/Canx/Ube2j2/Rad23a/Ube2d2/Lman2/Mogs/Ufd1/Capn1/Dnaja2/Stub1/Atf6/Dnajb12/Sec23b/Sar1a/Atf6b/Lman1/Vcp/Preb/Nploc4/Sar1b/Dnajc10/Svip/Ubqln1/Nsfl1c/Bcap31/Ube2d3/Syvn1/Hyou1/Ssr1/Pdia3/Rpn1/Sec13/Ube2d1/Rad23b/Bag1/Pdia6/Derl3/Derl1/Ddost/Erp29/Plaa/Hsp90ab1/Pdia4/Stt3a/Hspa5/Skp1/Hspa8/Calr/Dnajb11/Hsp90b1/Atf4/Dad1/Hsph1/Rpn2/Sec61a1/Bax/Sec61g/Hspbp1/Eif2s1/Sec61b/Mapk10/Ssr2/Bag2/Ostc/Dnaja1/Eif2ak3/Tmem258b/Bak1/Ssr4/Dnajb1/Hsp90aa1/Ckap4/Casp12/Ero1a/Hspa1a","Suppressed"
"196","Combo","rno04950","Maturity onset diabetes of the young",17,0.703863825122206,1.78533206340019,0.00270611083981276,0.023927716899397,0.0167164187611702,468,"tags=35%, list=3%, signal=34%","Rfx6/Nkx2-2/Neurod1/Pax4/Nr5a2/Neurog3","Enriched"
"197","Combo","rno03030","DNA replication",34,-0.61371865401541,-1.87956119495599,0.00285175166277927,0.024568937402406,0.0171643892253651,2880,"tags=74%, list=21%, signal=58%","Lig1/Ssbp1/Mcm2/Pold1/Pola1/Prim2/Prim1/Mcm7/Mcm3/Pole3/Mcm6/Rpa3/Pole/Rfc3/Rfc5/Pola2/Rpa2/Mcm4/Pcna/Rfc2/Fen1/Mcm5/Pold2/Rfc4/Pole2","Suppressed"
"198","Combo","rno05166","Human T-cell leukemia virus 1 infection",202,-0.369387149989059,-1.52301636325278,0.00330663229610602,0.0277757112872906,0.0194047105797801,1845,"tags=22%, list=13%, signal=19%","Bcl2l1/Anapc15/Map2k1/Cd40/Bax/RT1-N3/Cdk2/Anapc10/Tp53/Hras/Mapk10/Il1r2/Icam1/Tgfb2/Ranbp1/RT1-T24-1/Pttg1/Ccnb2/Fdps/Nfkbia/Espl1/Bub1b/Ccne2/Zfp36/Myc/Cdkn1a/Tnfrsf1a/Ran/Ccna2/Mad2l1/Cdc20/Cd3g/Slc2a1/Fos/E2f2/Egr1/Msx2/Ccne1/Tnf/Fosl1/Msx1/Mmp7/Adcy8/Cdkn2a","Suppressed"
"199","Combo","rno04742","Taste transduction",36,0.586374435134749,1.73850739863683,0.0036452103909684,0.0298729436918386,0.0208698823411028,2089,"tags=56%, list=15%, signal=47%","Scnn1g/Scnn1b/Scn3a/Trpm5/Pde1b/Prkacb/Scnn1a/Cacna1c/Kcnk5/P2ry4/Gnat3/P2ry1/P2rx3/Chrm3/Plcb1/Pde1c/P2rx2/Cacna1a/Gnb3/Plcb2","Enriched"
"200","Combo","rno04260","Cardiac muscle contraction",55,0.520930364195399,1.65201744328746,0.00381417027547192,0.0305133622037753,0.0213172925170486,1346,"tags=25%, list=10%, signal=23%","Atp1a2/Casq2/Ryr2/Cacnb2/Slc9a7/Cacnb1/Cacna1c/Cacna2d1/Tpm2/Atp2a3/Tnnt2/Atp1b2/Slc8a3/Asph","Enriched"
"201","Combo","rno01230","Biosynthesis of amino acids",62,-0.512869435115753,-1.73100297617461,0.00406394814760332,0.0317555018045283,0.0221850780150683,1722,"tags=39%, list=13%, signal=34%","Acy1/Psph/Aldoa/Tkt/Pfkl/Sdsl/Eno4/Pfkp/Arg2/Pkm/Eno1/Tpi1/Arg1/Gapdh/Shmt1/Phgdh/Shmt2/Pgam1/Aldoc/Pgk1/Bcat1/Psat1/Asns/Ass1","Suppressed"
"202","Combo","rno04974","Protein digestion and absorption",71,0.483939225923226,1.61404461700018,0.00424662912882478,0.0324288042564802,0.0226554616202853,2554,"tags=41%, list=19%, signal=33%","Col14a1/Atp1a2/Col6a6/Cpa3/Slc9a3/Ace2/Col20a1/Slc16a10/Mep1a/Col24a1/Col6a5/Col4a6/Kcnk5/Dpp4/Col4a3/Slc7a15/Atp1b2/Slc15a1/Slc8a3/Mme/Col6a4/Slc36a1/Kcnn4/Slc36a4/Fxyd2/Kcnq1/Col13a1/Col27a1/Col4a5","Enriched"
"203","Combo","rno05414","Dilated cardiomyopathy",72,0.495156283472224,1.65647670364921,0.00444307733475626,0.0331749774328467,0.0231767542842256,1330,"tags=33%, list=10%, signal=30%","Sgce/Dtna/Ryr2/Des/Sspn/Adcy5/Prkacb/Adrb1/Cacnb2/Cacnb1/Cacna1c/Cacna2d1/Tpm2/Atp2a3/Sgca/Adcy2/Lama2/Itga4/Tnnt2/Itgb8/Agt/Adcy1/Tgfb3/Slc8a3","Enriched"
"204","Combo","rno03420","Nucleotide excision repair",55,-0.509681165386509,-1.68229970657549,0.00475767858746407,0.0345058914220979,0.0241065594834832,4558,"tags=67%, list=33%, signal=45%","Cetn2/Polr2b/Gtf2h4/Rpa1/Mnat1/Rad23a/Gtf2h5/Polr2e/Ddb1/Pold4/Ccnh/Cdk7/Lig1/Ercc2/Pold1/Rad23b/Polr2g/Polr2i/Polr2j/Polr2f/Ercc1/Gtf2h1/Pole3/Polr2h/Rpa3/Pole/Rfc3/Polr2c/Polr2d/Rfc5/Rpa2/Polr2k/Pcna/Rfc2/Pold2/Rfc4/Pole2","Suppressed"
"205","Combo","rno04978","Mineral absorption",46,0.544171532119593,1.67416360671285,0.00482671695487679,0.0345058914220979,0.0241065594834832,1330,"tags=28%, list=10%, signal=26%","Slc26a3/Slc34a2/Atp1a2/Slc9a3/Trpm6/Inhca/Mt1/Slc40a1/Atp7b/S100g/Mt2A/Atp1b2/Slc8a3","Enriched"
"206","Combo","rno05134","Legionellosis",50,-0.504002027345944,-1.66310755473771,0.00547438568688703,0.0383206998082092,0.0267716668459607,1043,"tags=20%, list=8%, signal=19%","Nfkbia/Bnip3/Tlr2/Hspa1a/Il1b/Tnf/Cxcl3/Cxcl2/Cxcl1/C3","Suppressed"
"207","Combo","rno05032","Morphine addiction",62,0.504058597652401,1.64022712641776,0.00572677787596832,0.0392693340066399,0.0274344031437366,2373,"tags=47%, list=17%, signal=39%","Pde8b/Adora1/Gabrb3/Cacna1b/Pde1b/Adcy5/Prkacb/Kcnj5/Adcy2/Gabrr2/Pde3a/Grk3/Adcy1/Prkcb/Pde7a/Prkca/Gnb5/Pde4c/Pde8a/Pde2a/Pde1c/Gng8/Cacna1a/Gnb4/Gng11/Gnb3/Pde7b/Pde3b/Adcy7","Enriched"
"208","Combo","rno04710","Circadian rhythm",29,0.605878385120081,1.71436125683936,0.0064965177591372,0.0431587830189496,0.0301516560564717,1598,"tags=34%, list=12%, signal=31%","Dbp/Nr1d1/Per3/Npas2/Cry2/Nr1d2/Prkaa2/Per1/Bhlhe41/Per2","Enriched"
"209","Combo","rno05410","Hypertrophic cardiomyopathy",67,0.503032101111204,1.66265943120275,0.00655088670823342,0.0431587830189496,0.0301516560564717,1330,"tags=31%, list=10%, signal=28%","Sgce/Dtna/Ryr2/Des/Sspn/Cacnb2/Cacnb1/Cacna1c/Cacna2d1/Prkaa2/Tpm2/Atp2a3/Sgca/Edn1/Lama2/Itga4/Tnnt2/Itgb8/Agt/Tgfb3/Slc8a3","Enriched"
"210","Combo","rno04210","Apoptosis",116,-0.393359982641799,-1.48657469010731,0.00683646265128019,0.0441740663621182,0.0308609548833094,2943,"tags=34%, list=21%, signal=27%","Akt2/Nras/Cycs/Aifm1/Endog/Mcl1/Pidd1/Htra2/Lmnb1/Ctsc/Atf4/Casp8/Bcl2l1/Map2k1/Bax/Tp53/Hras/Eif2s1/Mapk10/Eif2ak3/Tuba1a/Prf1/Nfkbia/Actb/Ctsl/Tuba4a/Bak1/Tnfrsf1a/Actg1/Pmaip1/Birc3/Casp12/Tuba1c/Bid/Fos/Birc5/Gadd45g/Csf2rb/Ctsz/Tnf","Suppressed"
"211","Combo","rno00512","Mucin type O-glycan biosynthesis",25,0.632011324665,1.72397118328766,0.00740631012931655,0.045449416509282,0.0317519419848681,1237,"tags=32%, list=9%, signal=29%","St6galnac1/Galnt15/Galnt18/St6galnac2/St6galnac4/Galnt17/Galnt5/St3gal2","Enriched"
"212","Combo","rno00920","Sulfur metabolism",10,0.757799256821182,1.67453302387552,0.0074174061140844,0.045449416509282,0.0317519419848681,1644,"tags=60%, list=12%, signal=53%","Papss2/Selenbp1/Tst/Ethe1/Bpnt1/Papss1","Enriched"
"213","Combo","rno04380","Osteoclast differentiation",119,-0.406800217142682,-1.54833185937301,0.00743963663098367,0.045449416509282,0.0317519419848681,1043,"tags=14%, list=8%, signal=13%","Nfkbia/Oscar/Fhl2/Nox1/Tnfrsf1a/Junb/Lilrc2/Fos/Tnfrsf11b/Il1b/Fosb/Socs1/Tnf/Fosl1/Il1a/Socs3/Tnfsf11","Suppressed"
