"","OTU","Sample","Abundance","request.by","lab.affiliation","experiment.sample.name","group","mouse.number","sample.weight","treatment","sample.location","species","mouse.strain","sample.type","sample.submission.date","sampleid","forwardbarcode","reversebarcode","libraryname","adapter","samplename","pcr","reads.in","reads.out","dnaconc","nseqs","GroupName","Kingdom"
"10","ASV00055;seqs=4194669;samples=4705","3834",1,"Ryan Beach","Rosenberg Lab - Uconn Health","26 week study","01","3834",NA,"N/A","COM",NA,"Pirc Rat","Fecal",2023-11-29,"3834","GCACATAGGCACATAGTCGTAYTGGGYDTAAAGNG","GGCACATAGTCGTCCGTCAATTYHTTTRAGT","MMF.16S.396redo","CGCTCATT-TAATCTTA","MMF.16S.396redo_3834","Y",122526,111498,100.6,96907,"Control","Bacteria"
"17","ASV00055;seqs=4194669;samples=4705","4669",1,"Ryan Beach","Rosenberg Lab - Uconn Health","26 week study","01","4669",NA,"N/A","COM",NA,"Pirc Rat","Fecal",2023-11-29,"4669","CGTAGCCCGTAGCCAACATAYTGGGYDTAAAGNG","CGCGTAGCCAACATCCGTCAATTYHTTTRAGT","MMF.16S.396redo","CGCTCATT-TAATCTTA","MMF.16S.396redo_4669","Y",70474,62638,100.5,58445,"Control","Bacteria"
"6","ASV00055;seqs=4194669;samples=4705","3104",1,"Ryan Beach","Rosenberg Lab - Uconn Health","26 week study","02","3104",NA,"N/A","COM",NA,"Pirc Rat","Fecal",2023-11-29,"3104","CTATCTATGAGTCCAGAYTGGGYDTAAAGNG","CTATGCTATGAGTCCAGCCGTCAATTYHTTTRAGT","MMF.16S.396redo","CGCTCATT-TAATCTTA","MMF.16S.396redo_3104","Y",126102,116279,99.6,111120,"Combination","Bacteria"
"15","ASV00055;seqs=4194669;samples=4705","4666",1,"Ryan Beach","Rosenberg Lab - Uconn Health","26 week study","01","4666",NA,"N/A","COM",NA,"Pirc Rat","Fecal",2023-11-29,"4666","TTGGCTCTTTGGCTCTATTCAYTGGGYDTAAAGNG","TTTGGCTCTATTCCCGTCAATTYHTTTRAGT","MMF.16S.396redo","CGCTCATT-TAATCTTA","MMF.16S.396redo_4666","Y",78576,72720,100.2,65409,"Control","Bacteria"
"16","ASV00055;seqs=4194669;samples=4705","4667",1,"Ryan Beach","Rosenberg Lab - Uconn Health","26 week study","01","4667",NA,"N/A","COM",NA,"Pirc Rat","Fecal",2023-11-29,"4667","GCCGATGCCGATTGTAACAYTGGGYDTAAAGNG","GCCGCCGATTGTAACCCGTCAATTYHTTTRAGT","MMF.16S.396redo","CGCTCATT-TAATCTTA","MMF.16S.396redo_4667","Y",51296,45894,101.9,36172,"Control","Bacteria"
"14","ASV00055;seqs=4194669;samples=4705","4249",1,"Ryan Beach","Rosenberg Lab - Uconn Health","26 week study","02","4249",NA,"N/A","COM",NA,"Pirc Rat","Fecal",2023-11-29,"4249","AGTCAGTCCACTGGTAAYTGGGYDTAAAGNG","AGTCCAGTCCACTGGTACCGTCAATTYHTTTRAGT","MMF.16S.396redo","CGCTCATT-TAATCTTA","MMF.16S.396redo_4249","Y",243699,225570,100,196411,"Combination","Bacteria"
"19","ASV00055;seqs=4194669;samples=4705","4787",1,"Ryan Beach","Rosenberg Lab - Uconn Health","26 week study","01","4787",NA,"N/A","COM",NA,"Pirc Rat","Fecal",2023-11-29,"4787","TTAATCGGTGCCAAYTGGGYDTAAAGNG","TAATCGGTTAATCGGTGCCACCGTCAATTYHTTTRAGT","MMF.16S.396redo","CGCTCATT-TAATCTTA","MMF.16S.396redo_4787","Y",67106,62560,100.9,53976,"Control","Bacteria"
"11","ASV00055;seqs=4194669;samples=4705","3835",1,"Ryan Beach","Rosenberg Lab - Uconn Health","26 week study","01","3835",NA,"N/A","COM",NA,"Pirc Rat","Fecal",2023-11-29,"3835",NA,NA,NA,NA,NA,"Y",59218,52621,NA,44116,"Control","Bacteria"
"2","ASV00055;seqs=4194669;samples=4705","2844",1,"Ryan Beach","Rosenberg Lab - Uconn Health","26 week study","02","2844",NA,"N/A","COM",NA,"Pirc Rat","Fecal",2023-11-29,"2844","CAACACATCAACACATGCTGAYTGGGYDTAAAGNG","CCAACACATGCTGCCGTCAATTYHTTTRAGT","MMF.16S.396redo","CGCTCATT-TAATCTTA","MMF.16S.396redo_2844","Y",96440,85514,100.1,80325,"Combination","Bacteria"
"4","ASV00055;seqs=4194669;samples=4705","2846",1,"Ryan Beach","Rosenberg Lab - Uconn Health","26 week study","02","2846",NA,"N/A","COM",NA,"Pirc Rat","Fecal",2023-11-29,"2846","AAAACATGCATGCCAYTGGGYDTAAAGNG","AACATGCAACATGCATGCCCCGTCAATTYHTTTRAGT","MMF.16S.396redo","CGCTCATT-TAATCTTA","MMF.16S.396redo_2846","Y",128788,119867,99.7,114962,"Combination","Bacteria"
"3","ASV00055;seqs=4194669;samples=4705","2845",1,"Ryan Beach","Rosenberg Lab - Uconn Health","26 week study","02","2845",NA,"N/A","COM",NA,"Pirc Rat","Fecal",2023-11-29,"2845","GGCTTGAGCTTGAAYTGGGYDTAAAGNG","GCTTGAGCGCTTGAGCTTGACCGTCAATTYHTTTRAGT","MMF.16S.396redo","CGCTCATT-TAATCTTA","MMF.16S.396redo_2845","Y",71371,66519,100.2,60354,"Combination","Bacteria"
"7","ASV00055;seqs=4194669;samples=4705","3181",1,"Ryan Beach","Rosenberg Lab - Uconn Health","26 week study","01","3181",NA,"N/A","COM",NA,"Pirc Rat","Fecal",2023-11-29,"3181","GGTCAGGTCACACATCAAYTGGGYDTAAAGNG","GGTCGGTCACACATCACCGTCAATTYHTTTRAGT","MMF.16S.396redo","CGCTCATT-TAATCTTA","MMF.16S.396redo_3181","Y",150537,139093,100,120882,"Control","Bacteria"
"8","ASV00055;seqs=4194669;samples=4705","3183",1,"Ryan Beach","Rosenberg Lab - Uconn Health","26 week study","01","3183",NA,"N/A","COM",NA,"Pirc Rat","Fecal",2023-11-29,"3183","AACTCGAACTCGCGCTACAYTGGGYDTAAAGNG","AACAACTCGCGCTACCCGTCAATTYHTTTRAGT","MMF.16S.396redo","CGCTCATT-TAATCTTA","MMF.16S.396redo_3183","Y",142173,131660,100.4,108330,"Control","Bacteria"
"12","ASV00055;seqs=4194669;samples=4705","4246",1,"Ryan Beach","Rosenberg Lab - Uconn Health","26 week study","02","4246",NA,"N/A","COM",NA,"Pirc Rat","Fecal",2023-11-29,"4246","ATATCTTGGAGTCGAYTGGGYDTAAAGNG","ATCTTGGATCTTGGAGTCGCCGTCAATTYHTTTRAGT","MMF.16S.396redo","CGCTCATT-TAATCTTA","MMF.16S.396redo_4246","Y",217177,203739,100.8,169373,"Combination","Bacteria"
"13","ASV00055;seqs=4194669;samples=4705","4247",1,"Ryan Beach","Rosenberg Lab - Uconn Health","26 week study","02","4247",NA,"N/A","COM",NA,"Pirc Rat","Fecal",2023-11-29,"4247","GAAGAAGGTGAAGGTAYTGGGYDTAAAGNG","GAAGGTGAAGGTGAAGGTCCGTCAATTYHTTTRAGT","MMF.16S.396redo","CGCTCATT-TAATCTTA","MMF.16S.396redo_4247","Y",89811,82158,99.2,72207,"Combination","Bacteria"
"18","ASV00055;seqs=4194669;samples=4705","4785",1,"Ryan Beach","Rosenberg Lab - Uconn Health","26 week study","01","4785",NA,"N/A","COM",NA,"Pirc Rat","Fecal",2023-11-29,"4785",NA,NA,NA,NA,NA,"Y",42317,37426,NA,30582,"Control","Bacteria"
"9","ASV00055;seqs=4194669;samples=4705","3190",1,"Ryan Beach","Rosenberg Lab - Uconn Health","26 week study","01","3190",NA,"N/A","COM",NA,"Pirc Rat","Fecal",2023-11-29,"3190","TAGGTCTTAGGTCTAGGTCAYTGGGYDTAAAGNG","TATAGGTCTAGGTCCCGTCAATTYHTTTRAGT","MMF.16S.396redo","CGCTCATT-TAATCTTA","MMF.16S.396redo_3190","Y",67480,62756,99.5,58684,"Control","Bacteria"
"1","ASV00055;seqs=4194669;samples=4705","2384",0.999999999999999,"Ryan Beach","Rosenberg Lab - Uconn Health","26 week study","02","2384",NA,"N/A","COM",NA,"Pirc Rat","Fecal",2023-11-29,"2384","GGTATGGGGTATGGCTACTAYTGGGYDTAAAGNG","GGGGTATGGCTACTCCGTCAATTYHTTTRAGT","MMF.16S.396redo","CGCTCATT-TAATCTTA","MMF.16S.396redo_2384","Y",142830,133381,99.8,117777,"Combination","Bacteria"
"5","ASV00055;seqs=4194669;samples=4705","3102",0.999999999999999,"Ryan Beach","Rosenberg Lab - Uconn Health","26 week study","02","3102",NA,"N/A","COM",NA,"Pirc Rat","Fecal",2023-11-29,"3102",NA,NA,NA,NA,NA,"Y",71544,63496,NA,56020,"Combination","Bacteria"
