"","OTU","Sample","Abundance","request.by","lab.affiliation","experiment.sample.name","group","mouse.number","sample.weight","treatment","sample.location","species","mouse.strain","sample.type","sample.submission.date","sampleid","forwardbarcode","reversebarcode","libraryname","adapter","samplename","pcr","reads.in","reads.out","dnaconc","nseqs","GroupName","Kingdom","Phylum"
"71","ASV00055;seqs=4194669;samples=4705","4666",0.956275130333747,"Ryan Beach","Rosenberg Lab - Uconn Health","26 week study","01","4666",NA,"N/A","COM",NA,"Pirc Rat","Fecal",2023-11-29,"4666","TTGGCTCTTTGGCTCTATTCAYTGGGYDTAAAGNG","TTTGGCTCTATTCCCGTCAATTYHTTTRAGT","MMF.16S.396redo","CGCTCATT-TAATCTTA","MMF.16S.396redo_4666","Y",78576,72720,100.2,65409,"Control","Bacteria","Firmicutes"
"72","ASV00055;seqs=4194669;samples=4705","4667",0.943796306535442,"Ryan Beach","Rosenberg Lab - Uconn Health","26 week study","01","4667",NA,"N/A","COM",NA,"Pirc Rat","Fecal",2023-11-29,"4667","GCCGATGCCGATTGTAACAYTGGGYDTAAAGNG","GCCGCCGATTGTAACCCGTCAATTYHTTTRAGT","MMF.16S.396redo","CGCTCATT-TAATCTTA","MMF.16S.396redo_4667","Y",51296,45894,101.9,36172,"Control","Bacteria","Firmicutes"
"66","ASV00055;seqs=4194669;samples=4705","2844",0.939470899470899,"Ryan Beach","Rosenberg Lab - Uconn Health","26 week study","02","2844",NA,"N/A","COM",NA,"Pirc Rat","Fecal",2023-11-29,"2844","CAACACATCAACACATGCTGAYTGGGYDTAAAGNG","CCAACACATGCTGCCGTCAATTYHTTTRAGT","MMF.16S.396redo","CGCTCATT-TAATCTTA","MMF.16S.396redo_2844","Y",96440,85514,100.1,80325,"Combination","Bacteria","Firmicutes"
"63","ASV00055;seqs=4194669;samples=4705","2845",0.937750604765219,"Ryan Beach","Rosenberg Lab - Uconn Health","26 week study","02","2845",NA,"N/A","COM",NA,"Pirc Rat","Fecal",2023-11-29,"2845","GGCTTGAGCTTGAAYTGGGYDTAAAGNG","GCTTGAGCGCTTGAGCTTGACCGTCAATTYHTTTRAGT","MMF.16S.396redo","CGCTCATT-TAATCTTA","MMF.16S.396redo_2845","Y",71371,66519,100.2,60354,"Combination","Bacteria","Firmicutes"
"58","ASV00055;seqs=4194669;samples=4705","3190",0.935058959852771,"Ryan Beach","Rosenberg Lab - Uconn Health","26 week study","01","3190",NA,"N/A","COM",NA,"Pirc Rat","Fecal",2023-11-29,"3190","TAGGTCTTAGGTCTAGGTCAYTGGGYDTAAAGNG","TATAGGTCTAGGTCCCGTCAATTYHTTTRAGT","MMF.16S.396redo","CGCTCATT-TAATCTTA","MMF.16S.396redo_3190","Y",67480,62756,99.5,58684,"Control","Bacteria","Firmicutes"
"75","ASV00055;seqs=4194669;samples=4705","4787",0.925689195197866,"Ryan Beach","Rosenberg Lab - Uconn Health","26 week study","01","4787",NA,"N/A","COM",NA,"Pirc Rat","Fecal",2023-11-29,"4787","TTAATCGGTGCCAAYTGGGYDTAAAGNG","TAATCGGTTAATCGGTGCCACCGTCAATTYHTTTRAGT","MMF.16S.396redo","CGCTCATT-TAATCTTA","MMF.16S.396redo_4787","Y",67106,62560,100.9,53976,"Control","Bacteria","Firmicutes"
"60","ASV00055;seqs=4194669;samples=4705","2384",0.921181554972533,"Ryan Beach","Rosenberg Lab - Uconn Health","26 week study","02","2384",NA,"N/A","COM",NA,"Pirc Rat","Fecal",2023-11-29,"2384","GGTATGGGGTATGGCTACTAYTGGGYDTAAAGNG","GGGGTATGGCTACTCCGTCAATTYHTTTRAGT","MMF.16S.396redo","CGCTCATT-TAATCTTA","MMF.16S.396redo_2384","Y",142830,133381,99.8,117777,"Combination","Bacteria","Firmicutes"
"73","ASV00055;seqs=4194669;samples=4705","4669",0.914500812729918,"Ryan Beach","Rosenberg Lab - Uconn Health","26 week study","01","4669",NA,"N/A","COM",NA,"Pirc Rat","Fecal",2023-11-29,"4669","CGTAGCCCGTAGCCAACATAYTGGGYDTAAAGNG","CGCGTAGCCAACATCCGTCAATTYHTTTRAGT","MMF.16S.396redo","CGCTCATT-TAATCTTA","MMF.16S.396redo_4669","Y",70474,62638,100.5,58445,"Control","Bacteria","Firmicutes"
"64","ASV00055;seqs=4194669;samples=4705","2846",0.906082009707556,"Ryan Beach","Rosenberg Lab - Uconn Health","26 week study","02","2846",NA,"N/A","COM",NA,"Pirc Rat","Fecal",2023-11-29,"2846","AAAACATGCATGCCAYTGGGYDTAAAGNG","AACATGCAACATGCATGCCCCGTCAATTYHTTTRAGT","MMF.16S.396redo","CGCTCATT-TAATCTTA","MMF.16S.396redo_2846","Y",128788,119867,99.7,114962,"Combination","Bacteria","Firmicutes"
"61","ASV00055;seqs=4194669;samples=4705","3102",0.896108532666904,"Ryan Beach","Rosenberg Lab - Uconn Health","26 week study","02","3102",NA,"N/A","COM",NA,"Pirc Rat","Fecal",2023-11-29,"3102",NA,NA,NA,NA,NA,"Y",71544,63496,NA,56020,"Combination","Bacteria","Firmicutes"
"74","ASV00055;seqs=4194669;samples=4705","3835",0.879703508931,"Ryan Beach","Rosenberg Lab - Uconn Health","26 week study","01","3835",NA,"N/A","COM",NA,"Pirc Rat","Fecal",2023-11-29,"3835",NA,NA,NA,NA,NA,"Y",59218,52621,NA,44116,"Control","Bacteria","Firmicutes"
"67","ASV00055;seqs=4194669;samples=4705","3104",0.866576673866092,"Ryan Beach","Rosenberg Lab - Uconn Health","26 week study","02","3104",NA,"N/A","COM",NA,"Pirc Rat","Fecal",2023-11-29,"3104","CTATCTATGAGTCCAGAYTGGGYDTAAAGNG","CTATGCTATGAGTCCAGCCGTCAATTYHTTTRAGT","MMF.16S.396redo","CGCTCATT-TAATCTTA","MMF.16S.396redo_3104","Y",126102,116279,99.6,111120,"Combination","Bacteria","Firmicutes"
"76","ASV00055;seqs=4194669;samples=4705","3181",0.852641418904386,"Ryan Beach","Rosenberg Lab - Uconn Health","26 week study","01","3181",NA,"N/A","COM",NA,"Pirc Rat","Fecal",2023-11-29,"3181","GGTCAGGTCACACATCAAYTGGGYDTAAAGNG","GGTCGGTCACACATCACCGTCAATTYHTTTRAGT","MMF.16S.396redo","CGCTCATT-TAATCTTA","MMF.16S.396redo_3181","Y",150537,139093,100,120882,"Control","Bacteria","Firmicutes"
"68","ASV00055;seqs=4194669;samples=4705","3834",0.847616787228994,"Ryan Beach","Rosenberg Lab - Uconn Health","26 week study","01","3834",NA,"N/A","COM",NA,"Pirc Rat","Fecal",2023-11-29,"3834","GCACATAGGCACATAGTCGTAYTGGGYDTAAAGNG","GGCACATAGTCGTCCGTCAATTYHTTTRAGT","MMF.16S.396redo","CGCTCATT-TAATCTTA","MMF.16S.396redo_3834","Y",122526,111498,100.6,96907,"Control","Bacteria","Firmicutes"
"70","ASV00055;seqs=4194669;samples=4705","4785",0.833071741547315,"Ryan Beach","Rosenberg Lab - Uconn Health","26 week study","01","4785",NA,"N/A","COM",NA,"Pirc Rat","Fecal",2023-11-29,"4785",NA,NA,NA,NA,NA,"Y",42317,37426,NA,30582,"Control","Bacteria","Firmicutes"
"65","ASV00055;seqs=4194669;samples=4705","3183",0.79883688728884,"Ryan Beach","Rosenberg Lab - Uconn Health","26 week study","01","3183",NA,"N/A","COM",NA,"Pirc Rat","Fecal",2023-11-29,"3183","AACTCGAACTCGCGCTACAYTGGGYDTAAAGNG","AACAACTCGCGCTACCCGTCAATTYHTTTRAGT","MMF.16S.396redo","CGCTCATT-TAATCTTA","MMF.16S.396redo_3183","Y",142173,131660,100.4,108330,"Control","Bacteria","Firmicutes"
"62","ASV00055;seqs=4194669;samples=4705","4246",0.740525349376819,"Ryan Beach","Rosenberg Lab - Uconn Health","26 week study","02","4246",NA,"N/A","COM",NA,"Pirc Rat","Fecal",2023-11-29,"4246","ATATCTTGGAGTCGAYTGGGYDTAAAGNG","ATCTTGGATCTTGGAGTCGCCGTCAATTYHTTTRAGT","MMF.16S.396redo","CGCTCATT-TAATCTTA","MMF.16S.396redo_4246","Y",217177,203739,100.8,169373,"Combination","Bacteria","Firmicutes"
"59","ASV00055;seqs=4194669;samples=4705","4247",0.683285554032158,"Ryan Beach","Rosenberg Lab - Uconn Health","26 week study","02","4247",NA,"N/A","COM",NA,"Pirc Rat","Fecal",2023-11-29,"4247","GAAGAAGGTGAAGGTAYTGGGYDTAAAGNG","GAAGGTGAAGGTGAAGGTCCGTCAATTYHTTTRAGT","MMF.16S.396redo","CGCTCATT-TAATCTTA","MMF.16S.396redo_4247","Y",89811,82158,99.2,72207,"Combination","Bacteria","Firmicutes"
"69","ASV00055;seqs=4194669;samples=4705","4249",0.628956626665513,"Ryan Beach","Rosenberg Lab - Uconn Health","26 week study","02","4249",NA,"N/A","COM",NA,"Pirc Rat","Fecal",2023-11-29,"4249","AGTCAGTCCACTGGTAAYTGGGYDTAAAGNG","AGTCCAGTCCACTGGTACCGTCAATTYHTTTRAGT","MMF.16S.396redo","CGCTCATT-TAATCTTA","MMF.16S.396redo_4249","Y",243699,225570,100,196411,"Combination","Bacteria","Firmicutes"
"14","ASV00008;seqs=21299223;samples=8548","4249",0.23763434838171,"Ryan Beach","Rosenberg Lab - Uconn Health","26 week study","02","4249",NA,"N/A","COM",NA,"Pirc Rat","Fecal",2023-11-29,"4249","AGTCAGTCCACTGGTAAYTGGGYDTAAAGNG","AGTCCAGTCCACTGGTACCGTCAATTYHTTTRAGT","MMF.16S.396redo","CGCTCATT-TAATCTTA","MMF.16S.396redo_4249","Y",243699,225570,100,196411,"Combination","Bacteria","Verrucomicrobia"
"4","ASV00008;seqs=21299223;samples=8548","4247",0.206905147700361,"Ryan Beach","Rosenberg Lab - Uconn Health","26 week study","02","4247",NA,"N/A","COM",NA,"Pirc Rat","Fecal",2023-11-29,"4247","GAAGAAGGTGAAGGTAYTGGGYDTAAAGNG","GAAGGTGAAGGTGAAGGTCCGTCAATTYHTTTRAGT","MMF.16S.396redo","CGCTCATT-TAATCTTA","MMF.16S.396redo_4247","Y",89811,82158,99.2,72207,"Combination","Bacteria","Verrucomicrobia"
"51","ASV00038;seqs=5970416;samples=2289","3183",0.191867442075141,"Ryan Beach","Rosenberg Lab - Uconn Health","26 week study","01","3183",NA,"N/A","COM",NA,"Pirc Rat","Fecal",2023-11-29,"3183","AACTCGAACTCGCGCTACAYTGGGYDTAAAGNG","AACAACTCGCGCTACCCGTCAATTYHTTTRAGT","MMF.16S.396redo","CGCTCATT-TAATCTTA","MMF.16S.396redo_3183","Y",142173,131660,100.4,108330,"Control","Bacteria","Bacteroidetes"
"7","ASV00008;seqs=21299223;samples=8548","4246",0.179208020168504,"Ryan Beach","Rosenberg Lab - Uconn Health","26 week study","02","4246",NA,"N/A","COM",NA,"Pirc Rat","Fecal",2023-11-29,"4246","ATATCTTGGAGTCGAYTGGGYDTAAAGNG","ATCTTGGATCTTGGAGTCGCCGTCAATTYHTTTRAGT","MMF.16S.396redo","CGCTCATT-TAATCTTA","MMF.16S.396redo_4246","Y",217177,203739,100.8,169373,"Combination","Bacteria","Verrucomicrobia"
"47","ASV00038;seqs=5970416;samples=2289","4785",0.135210254398012,"Ryan Beach","Rosenberg Lab - Uconn Health","26 week study","01","4785",NA,"N/A","COM",NA,"Pirc Rat","Fecal",2023-11-29,"4785",NA,NA,NA,NA,NA,"Y",42317,37426,NA,30582,"Control","Bacteria","Bacteroidetes"
"50","ASV00038;seqs=5970416;samples=2289","3181",0.133212554391886,"Ryan Beach","Rosenberg Lab - Uconn Health","26 week study","01","3181",NA,"N/A","COM",NA,"Pirc Rat","Fecal",2023-11-29,"3181","GGTCAGGTCACACATCAAYTGGGYDTAAAGNG","GGTCGGTCACACATCACCGTCAATTYHTTTRAGT","MMF.16S.396redo","CGCTCATT-TAATCTTA","MMF.16S.396redo_3181","Y",150537,139093,100,120882,"Control","Bacteria","Bacteroidetes"
"55","ASV00038;seqs=5970416;samples=2289","4249",0.090656836938868,"Ryan Beach","Rosenberg Lab - Uconn Health","26 week study","02","4249",NA,"N/A","COM",NA,"Pirc Rat","Fecal",2023-11-29,"4249","AGTCAGTCCACTGGTAAYTGGGYDTAAAGNG","AGTCCAGTCCACTGGTACCGTCAATTYHTTTRAGT","MMF.16S.396redo","CGCTCATT-TAATCTTA","MMF.16S.396redo_4249","Y",243699,225570,100,196411,"Combination","Bacteria","Bacteroidetes"
"45","ASV00038;seqs=5970416;samples=2289","4247",0.0816541332557785,"Ryan Beach","Rosenberg Lab - Uconn Health","26 week study","02","4247",NA,"N/A","COM",NA,"Pirc Rat","Fecal",2023-11-29,"4247","GAAGAAGGTGAAGGTAYTGGGYDTAAAGNG","GAAGGTGAAGGTGAAGGTCCGTCAATTYHTTTRAGT","MMF.16S.396redo","CGCTCATT-TAATCTTA","MMF.16S.396redo_4247","Y",89811,82158,99.2,72207,"Combination","Bacteria","Bacteroidetes"
"42","ASV00038;seqs=5970416;samples=2289","2846",0.0787564586559037,"Ryan Beach","Rosenberg Lab - Uconn Health","26 week study","02","2846",NA,"N/A","COM",NA,"Pirc Rat","Fecal",2023-11-29,"2846","AAAACATGCATGCCAYTGGGYDTAAAGNG","AACATGCAACATGCATGCCCCGTCAATTYHTTTRAGT","MMF.16S.396redo","CGCTCATT-TAATCTTA","MMF.16S.396redo_2846","Y",128788,119867,99.7,114962,"Combination","Bacteria","Bacteroidetes"
"56","ASV00038;seqs=5970416;samples=2289","3835",0.0782255870885847,"Ryan Beach","Rosenberg Lab - Uconn Health","26 week study","01","3835",NA,"N/A","COM",NA,"Pirc Rat","Fecal",2023-11-29,"3835",NA,NA,NA,NA,NA,"Y",59218,52621,NA,44116,"Control","Bacteria","Bacteroidetes"
"40","ASV00038;seqs=5970416;samples=2289","3102",0.0757229560871118,"Ryan Beach","Rosenberg Lab - Uconn Health","26 week study","02","3102",NA,"N/A","COM",NA,"Pirc Rat","Fecal",2023-11-29,"3102",NA,NA,NA,NA,NA,"Y",71544,63496,NA,56020,"Combination","Bacteria","Bacteroidetes"
"54","ASV00038;seqs=5970416;samples=2289","3834",0.0756498498560475,"Ryan Beach","Rosenberg Lab - Uconn Health","26 week study","01","3834",NA,"N/A","COM",NA,"Pirc Rat","Fecal",2023-11-29,"3834","GCACATAGGCACATAGTCGTAYTGGGYDTAAAGNG","GGCACATAGTCGTCCGTCAATTYHTTTRAGT","MMF.16S.396redo","CGCTCATT-TAATCTTA","MMF.16S.396redo_3834","Y",122526,111498,100.6,96907,"Control","Bacteria","Bacteroidetes"
"41","ASV00038;seqs=5970416;samples=2289","3104",0.0643628509719222,"Ryan Beach","Rosenberg Lab - Uconn Health","26 week study","02","3104",NA,"N/A","COM",NA,"Pirc Rat","Fecal",2023-11-29,"3104","CTATCTATGAGTCCAGAYTGGGYDTAAAGNG","CTATGCTATGAGTCCAGCCGTCAATTYHTTTRAGT","MMF.16S.396redo","CGCTCATT-TAATCTTA","MMF.16S.396redo_3104","Y",126102,116279,99.6,111120,"Combination","Bacteria","Bacteroidetes"
"26","ASV00036;seqs=6257728;samples=4744","3104",0.0618250539956803,"Ryan Beach","Rosenberg Lab - Uconn Health","26 week study","02","3104",NA,"N/A","COM",NA,"Pirc Rat","Fecal",2023-11-29,"3104","CTATCTATGAGTCCAGAYTGGGYDTAAAGNG","CTATGCTATGAGTCCAGCCGTCAATTYHTTTRAGT","MMF.16S.396redo","CGCTCATT-TAATCTTA","MMF.16S.396redo_3104","Y",126102,116279,99.6,111120,"Combination","Bacteria","Proteobacteria"
"46","ASV00038;seqs=5970416;samples=2289","4669",0.0600906835486355,"Ryan Beach","Rosenberg Lab - Uconn Health","26 week study","01","4669",NA,"N/A","COM",NA,"Pirc Rat","Fecal",2023-11-29,"4669","CGTAGCCCGTAGCCAACATAYTGGGYDTAAAGNG","CGCGTAGCCAACATCCGTCAATTYHTTTRAGT","MMF.16S.396redo","CGCTCATT-TAATCTTA","MMF.16S.396redo_4669","Y",70474,62638,100.5,58445,"Control","Bacteria","Bacteroidetes"
"43","ASV00038;seqs=5970416;samples=2289","2384",0.0556390466729497,"Ryan Beach","Rosenberg Lab - Uconn Health","26 week study","02","2384",NA,"N/A","COM",NA,"Pirc Rat","Fecal",2023-11-29,"2384","GGTATGGGGTATGGCTACTAYTGGGYDTAAAGNG","GGGGTATGGCTACTCCGTCAATTYHTTTRAGT","MMF.16S.396redo","CGCTCATT-TAATCTTA","MMF.16S.396redo_2384","Y",142830,133381,99.8,117777,"Combination","Bacteria","Bacteroidetes"
"48","ASV00038;seqs=5970416;samples=2289","4246",0.0523519096904465,"Ryan Beach","Rosenberg Lab - Uconn Health","26 week study","02","4246",NA,"N/A","COM",NA,"Pirc Rat","Fecal",2023-11-29,"4246","ATATCTTGGAGTCGAYTGGGYDTAAAGNG","ATCTTGGATCTTGGAGTCGCCGTCAATTYHTTTRAGT","MMF.16S.396redo","CGCTCATT-TAATCTTA","MMF.16S.396redo_4246","Y",217177,203739,100.8,169373,"Combination","Bacteria","Bacteroidetes"
"39","ASV00038;seqs=5970416;samples=2289","2845",0.051744706233224,"Ryan Beach","Rosenberg Lab - Uconn Health","26 week study","02","2845",NA,"N/A","COM",NA,"Pirc Rat","Fecal",2023-11-29,"2845","GGCTTGAGCTTGAAYTGGGYDTAAAGNG","GCTTGAGCGCTTGAGCTTGACCGTCAATTYHTTTRAGT","MMF.16S.396redo","CGCTCATT-TAATCTTA","MMF.16S.396redo_2845","Y",71371,66519,100.2,60354,"Combination","Bacteria","Bacteroidetes"
"53","ASV00038;seqs=5970416;samples=2289","4787",0.0517081665925597,"Ryan Beach","Rosenberg Lab - Uconn Health","26 week study","01","4787",NA,"N/A","COM",NA,"Pirc Rat","Fecal",2023-11-29,"4787","TTAATCGGTGCCAAYTGGGYDTAAAGNG","TAATCGGTTAATCGGTGCCACCGTCAATTYHTTTRAGT","MMF.16S.396redo","CGCTCATT-TAATCTTA","MMF.16S.396redo_4787","Y",67106,62560,100.9,53976,"Control","Bacteria","Bacteroidetes"
"13","ASV00008;seqs=21299223;samples=8548","3834",0.0435675441402582,"Ryan Beach","Rosenberg Lab - Uconn Health","26 week study","01","3834",NA,"N/A","COM",NA,"Pirc Rat","Fecal",2023-11-29,"3834","GCACATAGGCACATAGTCGTAYTGGGYDTAAAGNG","GGCACATAGTCGTCCGTCAATTYHTTTRAGT","MMF.16S.396redo","CGCTCATT-TAATCTTA","MMF.16S.396redo_3834","Y",122526,111498,100.6,96907,"Control","Bacteria","Verrucomicrobia"
"52","ASV00038;seqs=5970416;samples=2289","2844",0.0432741985683162,"Ryan Beach","Rosenberg Lab - Uconn Health","26 week study","02","2844",NA,"N/A","COM",NA,"Pirc Rat","Fecal",2023-11-29,"2844","CAACACATCAACACATGCTGAYTGGGYDTAAAGNG","CCAACACATGCTGCCGTCAATTYHTTTRAGT","MMF.16S.396redo","CGCTCATT-TAATCTTA","MMF.16S.396redo_2844","Y",96440,85514,100.1,80325,"Combination","Bacteria","Bacteroidetes"
"36","ASV00036;seqs=6257728;samples=4744","4249",0.0399468461542378,"Ryan Beach","Rosenberg Lab - Uconn Health","26 week study","02","4249",NA,"N/A","COM",NA,"Pirc Rat","Fecal",2023-11-29,"4249","AGTCAGTCCACTGGTAAYTGGGYDTAAAGNG","AGTCCAGTCCACTGGTACCGTCAATTYHTTTRAGT","MMF.16S.396redo","CGCTCATT-TAATCTTA","MMF.16S.396redo_4249","Y",243699,225570,100,196411,"Combination","Bacteria","Proteobacteria"
"49","ASV00038;seqs=5970416;samples=2289","4667",0.0306037819307752,"Ryan Beach","Rosenberg Lab - Uconn Health","26 week study","01","4667",NA,"N/A","COM",NA,"Pirc Rat","Fecal",2023-11-29,"4667","GCCGATGCCGATTGTAACAYTGGGYDTAAAGNG","GCCGCCGATTGTAACCCGTCAATTYHTTTRAGT","MMF.16S.396redo","CGCTCATT-TAATCTTA","MMF.16S.396redo_4667","Y",51296,45894,101.9,36172,"Control","Bacteria","Bacteroidetes"
"44","ASV00038;seqs=5970416;samples=2289","3190",0.026702337945607,"Ryan Beach","Rosenberg Lab - Uconn Health","26 week study","01","3190",NA,"N/A","COM",NA,"Pirc Rat","Fecal",2023-11-29,"3190","TAGGTCTTAGGTCTAGGTCAYTGGGYDTAAAGNG","TATAGGTCTAGGTCCCGTCAATTYHTTTRAGT","MMF.16S.396redo","CGCTCATT-TAATCTTA","MMF.16S.396redo_3190","Y",67480,62756,99.5,58684,"Control","Bacteria","Bacteroidetes"
"31","ASV00036;seqs=6257728;samples=4744","4247",0.0263270874014985,"Ryan Beach","Rosenberg Lab - Uconn Health","26 week study","02","4247",NA,"N/A","COM",NA,"Pirc Rat","Fecal",2023-11-29,"4247","GAAGAAGGTGAAGGTAYTGGGYDTAAAGNG","GAAGGTGAAGGTGAAGGTCCGTCAATTYHTTTRAGT","MMF.16S.396redo","CGCTCATT-TAATCTTA","MMF.16S.396redo_4247","Y",89811,82158,99.2,72207,"Combination","Bacteria","Proteobacteria"
"103","ASV00277;seqs=520139;samples=2651","3190",0.0261740849294527,"Ryan Beach","Rosenberg Lab - Uconn Health","26 week study","01","3190",NA,"N/A","COM",NA,"Pirc Rat","Fecal",2023-11-29,"3190","TAGGTCTTAGGTCTAGGTCAYTGGGYDTAAAGNG","TATAGGTCTAGGTCCCGTCAATTYHTTTRAGT","MMF.16S.396redo","CGCTCATT-TAATCTTA","MMF.16S.396redo_3190","Y",67480,62756,99.5,58684,"Control","Bacteria","Actinobacteria"
"114","ASV00277;seqs=520139;samples=2651","4666",0.0229632007827669,"Ryan Beach","Rosenberg Lab - Uconn Health","26 week study","01","4666",NA,"N/A","COM",NA,"Pirc Rat","Fecal",2023-11-29,"4666","TTGGCTCTTTGGCTCTATTCAYTGGGYDTAAAGNG","TTTGGCTCTATTCCCGTCAATTYHTTTRAGT","MMF.16S.396redo","CGCTCATT-TAATCTTA","MMF.16S.396redo_4666","Y",78576,72720,100.2,65409,"Control","Bacteria","Actinobacteria"
"109","ASV00277;seqs=520139;samples=2651","3834",0.0226299441732795,"Ryan Beach","Rosenberg Lab - Uconn Health","26 week study","01","3834",NA,"N/A","COM",NA,"Pirc Rat","Fecal",2023-11-29,"3834","GCACATAGGCACATAGTCGTAYTGGGYDTAAAGNG","GGCACATAGTCGTCCGTCAATTYHTTTRAGT","MMF.16S.396redo","CGCTCATT-TAATCTTA","MMF.16S.396redo_3834","Y",122526,111498,100.6,96907,"Control","Bacteria","Actinobacteria"
"21","ASV00036;seqs=6257728;samples=4744","3102",0.0225812209925027,"Ryan Beach","Rosenberg Lab - Uconn Health","26 week study","02","3102",NA,"N/A","COM",NA,"Pirc Rat","Fecal",2023-11-29,"3102",NA,NA,NA,NA,NA,"Y",71544,63496,NA,56020,"Combination","Bacteria","Proteobacteria"
"30","ASV00036;seqs=6257728;samples=4744","4246",0.0207293960666694,"Ryan Beach","Rosenberg Lab - Uconn Health","26 week study","02","4246",NA,"N/A","COM",NA,"Pirc Rat","Fecal",2023-11-29,"4246","ATATCTTGGAGTCGAYTGGGYDTAAAGNG","ATCTTGGATCTTGGAGTCGCCGTCAATTYHTTTRAGT","MMF.16S.396redo","CGCTCATT-TAATCTTA","MMF.16S.396redo_4246","Y",217177,203739,100.8,169373,"Combination","Bacteria","Proteobacteria"
"111","ASV00277;seqs=520139;samples=2651","3835",0.0196300661891377,"Ryan Beach","Rosenberg Lab - Uconn Health","26 week study","01","3835",NA,"N/A","COM",NA,"Pirc Rat","Fecal",2023-11-29,"3835",NA,NA,NA,NA,NA,"Y",59218,52621,NA,44116,"Control","Bacteria","Actinobacteria"
"10","ASV00008;seqs=21299223;samples=8548","3835",0.01738598241001,"Ryan Beach","Rosenberg Lab - Uconn Health","26 week study","01","3835",NA,"N/A","COM",NA,"Pirc Rat","Fecal",2023-11-29,"3835",NA,NA,NA,NA,NA,"Y",59218,52621,NA,44116,"Control","Bacteria","Verrucomicrobia"
"15","ASV00008;seqs=21299223;samples=8548","4785",0.016905369171408,"Ryan Beach","Rosenberg Lab - Uconn Health","26 week study","01","4785",NA,"N/A","COM",NA,"Pirc Rat","Fecal",2023-11-29,"4785",NA,NA,NA,NA,NA,"Y",42317,37426,NA,30582,"Control","Bacteria","Verrucomicrobia"
"113","ASV00277;seqs=520139;samples=2651","4667",0.0159792104390136,"Ryan Beach","Rosenberg Lab - Uconn Health","26 week study","01","4667",NA,"N/A","COM",NA,"Pirc Rat","Fecal",2023-11-29,"4667","GCCGATGCCGATTGTAACAYTGGGYDTAAAGNG","GCCGCCGATTGTAACCCGTCAATTYHTTTRAGT","MMF.16S.396redo","CGCTCATT-TAATCTTA","MMF.16S.396redo_4667","Y",51296,45894,101.9,36172,"Control","Bacteria","Actinobacteria"
"101","ASV00277;seqs=520139;samples=2651","4669",0.0137736333304816,"Ryan Beach","Rosenberg Lab - Uconn Health","26 week study","01","4669",NA,"N/A","COM",NA,"Pirc Rat","Fecal",2023-11-29,"4669","CGTAGCCCGTAGCCAACATAYTGGGYDTAAAGNG","CGCGTAGCCAACATCCGTCAATTYHTTTRAGT","MMF.16S.396redo","CGCTCATT-TAATCTTA","MMF.16S.396redo_4669","Y",70474,62638,100.5,58445,"Control","Bacteria","Actinobacteria"
"108","ASV00277;seqs=520139;samples=2651","4787",0.0118385949310805,"Ryan Beach","Rosenberg Lab - Uconn Health","26 week study","01","4787",NA,"N/A","COM",NA,"Pirc Rat","Fecal",2023-11-29,"4787","TTAATCGGTGCCAAYTGGGYDTAAAGNG","TAATCGGTTAATCGGTGCCACCGTCAATTYHTTTRAGT","MMF.16S.396redo","CGCTCATT-TAATCTTA","MMF.16S.396redo_4787","Y",67106,62560,100.9,53976,"Control","Bacteria","Actinobacteria"
"32","ASV00036;seqs=6257728;samples=4744","4669",0.011104457181966,"Ryan Beach","Rosenberg Lab - Uconn Health","26 week study","01","4669",NA,"N/A","COM",NA,"Pirc Rat","Fecal",2023-11-29,"4669","CGTAGCCCGTAGCCAACATAYTGGGYDTAAAGNG","CGCGTAGCCAACATCCGTCAATTYHTTTRAGT","MMF.16S.396redo","CGCTCATT-TAATCTTA","MMF.16S.396redo_4669","Y",70474,62638,100.5,58445,"Control","Bacteria","Proteobacteria"
"25","ASV00036;seqs=6257728;samples=4744","3190",0.0110421920796128,"Ryan Beach","Rosenberg Lab - Uconn Health","26 week study","01","3190",NA,"N/A","COM",NA,"Pirc Rat","Fecal",2023-11-29,"3190","TAGGTCTTAGGTCTAGGTCAYTGGGYDTAAAGNG","TATAGGTCTAGGTCCCGTCAATTYHTTTRAGT","MMF.16S.396redo","CGCTCATT-TAATCTTA","MMF.16S.396redo_3190","Y",67480,62756,99.5,58684,"Control","Bacteria","Proteobacteria"
"57","ASV00038;seqs=5970416;samples=2289","4666",0.0109159290005962,"Ryan Beach","Rosenberg Lab - Uconn Health","26 week study","01","4666",NA,"N/A","COM",NA,"Pirc Rat","Fecal",2023-11-29,"4666","TTGGCTCTTTGGCTCTATTCAYTGGGYDTAAAGNG","TTTGGCTCTATTCCCGTCAATTYHTTTRAGT","MMF.16S.396redo","CGCTCATT-TAATCTTA","MMF.16S.396redo_4666","Y",78576,72720,100.2,65409,"Control","Bacteria","Bacteroidetes"
"98","ASV00277;seqs=520139;samples=2651","2384",0.0107321463443627,"Ryan Beach","Rosenberg Lab - Uconn Health","26 week study","02","2384",NA,"N/A","COM",NA,"Pirc Rat","Fecal",2023-11-29,"2384","GGTATGGGGTATGGCTACTAYTGGGYDTAAAGNG","GGGGTATGGCTACTCCGTCAATTYHTTTRAGT","MMF.16S.396redo","CGCTCATT-TAATCTTA","MMF.16S.396redo_2384","Y",142830,133381,99.8,117777,"Combination","Bacteria","Actinobacteria"
"37","ASV00036;seqs=6257728;samples=4744","4787",0.0103935082258782,"Ryan Beach","Rosenberg Lab - Uconn Health","26 week study","01","4787",NA,"N/A","COM",NA,"Pirc Rat","Fecal",2023-11-29,"4787","TTAATCGGTGCCAAYTGGGYDTAAAGNG","TAATCGGTTAATCGGTGCCACCGTCAATTYHTTTRAGT","MMF.16S.396redo","CGCTCATT-TAATCTTA","MMF.16S.396redo_4787","Y",67106,62560,100.9,53976,"Control","Bacteria","Proteobacteria"
"29","ASV00036;seqs=6257728;samples=4744","4785",0.00980969197567197,"Ryan Beach","Rosenberg Lab - Uconn Health","26 week study","01","4785",NA,"N/A","COM",NA,"Pirc Rat","Fecal",2023-11-29,"4785",NA,NA,NA,NA,NA,"Y",42317,37426,NA,30582,"Control","Bacteria","Proteobacteria"
"27","ASV00036;seqs=6257728;samples=4744","3834",0.00950395740245803,"Ryan Beach","Rosenberg Lab - Uconn Health","26 week study","01","3834",NA,"N/A","COM",NA,"Pirc Rat","Fecal",2023-11-29,"3834","GCACATAGGCACATAGTCGTAYTGGGYDTAAAGNG","GGCACATAGTCGTCCGTCAATTYHTTTRAGT","MMF.16S.396redo","CGCTCATT-TAATCTTA","MMF.16S.396redo_3834","Y",122526,111498,100.6,96907,"Control","Bacteria","Proteobacteria"
"38","ASV00036;seqs=6257728;samples=4744","4666",0.0093259337400052,"Ryan Beach","Rosenberg Lab - Uconn Health","26 week study","01","4666",NA,"N/A","COM",NA,"Pirc Rat","Fecal",2023-11-29,"4666","TTGGCTCTTTGGCTCTATTCAYTGGGYDTAAAGNG","TTTGGCTCTATTCCCGTCAATTYHTTTRAGT","MMF.16S.396redo","CGCTCATT-TAATCTTA","MMF.16S.396redo_4666","Y",78576,72720,100.2,65409,"Control","Bacteria","Proteobacteria"
"35","ASV00036;seqs=6257728;samples=4744","4667",0.0069114232002654,"Ryan Beach","Rosenberg Lab - Uconn Health","26 week study","01","4667",NA,"N/A","COM",NA,"Pirc Rat","Fecal",2023-11-29,"4667","GCCGATGCCGATTGTAACAYTGGGYDTAAAGNG","GCCGCCGATTGTAACCCGTCAATTYHTTTRAGT","MMF.16S.396redo","CGCTCATT-TAATCTTA","MMF.16S.396redo_4667","Y",51296,45894,101.9,36172,"Control","Bacteria","Proteobacteria"
"121","ASV03611;seqs=6239;samples=102","2844",0.00687208216619981,"Ryan Beach","Rosenberg Lab - Uconn Health","26 week study","02","2844",NA,"N/A","COM",NA,"Pirc Rat","Fecal",2023-11-29,"2844","CAACACATCAACACATGCTGAYTGGGYDTAAAGNG","CCAACACATGCTGCCGTCAATTYHTTTRAGT","MMF.16S.396redo","CGCTCATT-TAATCTTA","MMF.16S.396redo_2844","Y",96440,85514,100.1,80325,"Combination","Bacteria","Tenericutes"
"112","ASV00277;seqs=520139;samples=2651","4246",0.00650044576172117,"Ryan Beach","Rosenberg Lab - Uconn Health","26 week study","02","4246",NA,"N/A","COM",NA,"Pirc Rat","Fecal",2023-11-29,"4246","ATATCTTGGAGTCGAYTGGGYDTAAAGNG","ATCTTGGATCTTGGAGTCGCCGTCAATTYHTTTRAGT","MMF.16S.396redo","CGCTCATT-TAATCTTA","MMF.16S.396redo_4246","Y",217177,203739,100.8,169373,"Combination","Bacteria","Actinobacteria"
"34","ASV00036;seqs=6257728;samples=4744","2844",0.00636165577342048,"Ryan Beach","Rosenberg Lab - Uconn Health","26 week study","02","2844",NA,"N/A","COM",NA,"Pirc Rat","Fecal",2023-11-29,"2844","CAACACATCAACACATGCTGAYTGGGYDTAAAGNG","CCAACACATGCTGCCGTCAATTYHTTTRAGT","MMF.16S.396redo","CGCTCATT-TAATCTTA","MMF.16S.396redo_2844","Y",96440,85514,100.1,80325,"Combination","Bacteria","Proteobacteria"
"22","ASV00036;seqs=6257728;samples=4744","2845",0.00601451436524505,"Ryan Beach","Rosenberg Lab - Uconn Health","26 week study","02","2845",NA,"N/A","COM",NA,"Pirc Rat","Fecal",2023-11-29,"2845","GGCTTGAGCTTGAAYTGGGYDTAAAGNG","GCTTGAGCGCTTGAGCTTGACCGTCAATTYHTTTRAGT","MMF.16S.396redo","CGCTCATT-TAATCTTA","MMF.16S.396redo_2845","Y",71371,66519,100.2,60354,"Combination","Bacteria","Proteobacteria"
"99","ASV00277;seqs=520139;samples=2651","3104",0.00581353491720662,"Ryan Beach","Rosenberg Lab - Uconn Health","26 week study","02","3104",NA,"N/A","COM",NA,"Pirc Rat","Fecal",2023-11-29,"3104","CTATCTATGAGTCCAGAYTGGGYDTAAAGNG","CTATGCTATGAGTCCAGCCGTCAATTYHTTTRAGT","MMF.16S.396redo","CGCTCATT-TAATCTTA","MMF.16S.396redo_3104","Y",126102,116279,99.6,111120,"Combination","Bacteria","Actinobacteria"
"1","ASV00008;seqs=21299223;samples=8548","2384",0.00577362303335965,"Ryan Beach","Rosenberg Lab - Uconn Health","26 week study","02","2384",NA,"N/A","COM",NA,"Pirc Rat","Fecal",2023-11-29,"2384","GGTATGGGGTATGGCTACTAYTGGGYDTAAAGNG","GGGGTATGGCTACTCCGTCAATTYHTTTRAGT","MMF.16S.396redo","CGCTCATT-TAATCTTA","MMF.16S.396redo_2384","Y",142830,133381,99.8,117777,"Combination","Bacteria","Verrucomicrobia"
"23","ASV00036;seqs=6257728;samples=4744","3181",0.00560877550007445,"Ryan Beach","Rosenberg Lab - Uconn Health","26 week study","01","3181",NA,"N/A","COM",NA,"Pirc Rat","Fecal",2023-11-29,"3181","GGTCAGGTCACACATCAAYTGGGYDTAAAGNG","GGTCGGTCACACATCACCGTCAATTYHTTTRAGT","MMF.16S.396redo","CGCTCATT-TAATCTTA","MMF.16S.396redo_3181","Y",150537,139093,100,120882,"Control","Bacteria","Proteobacteria"
"96","ASV00277;seqs=520139;samples=2651","3102",0.00515887183148875,"Ryan Beach","Rosenberg Lab - Uconn Health","26 week study","02","3102",NA,"N/A","COM",NA,"Pirc Rat","Fecal",2023-11-29,"3102",NA,NA,NA,NA,NA,"Y",71544,63496,NA,56020,"Combination","Bacteria","Actinobacteria"
"20","ASV00036;seqs=6257728;samples=4744","2846",0.00512343209060385,"Ryan Beach","Rosenberg Lab - Uconn Health","26 week study","02","2846",NA,"N/A","COM",NA,"Pirc Rat","Fecal",2023-11-29,"2846","AAAACATGCATGCCAYTGGGYDTAAAGNG","AACATGCAACATGCATGCCCCGTCAATTYHTTTRAGT","MMF.16S.396redo","CGCTCATT-TAATCTTA","MMF.16S.396redo_2846","Y",128788,119867,99.7,114962,"Combination","Bacteria","Proteobacteria"
"102","ASV00277;seqs=520139;samples=2651","4785",0.00490484598783598,"Ryan Beach","Rosenberg Lab - Uconn Health","26 week study","01","4785",NA,"N/A","COM",NA,"Pirc Rat","Fecal",2023-11-29,"4785",NA,NA,NA,NA,NA,"Y",42317,37426,NA,30582,"Control","Bacteria","Actinobacteria"
"97","ASV00277;seqs=520139;samples=2651","2846",0.00411440302012839,"Ryan Beach","Rosenberg Lab - Uconn Health","26 week study","02","2846",NA,"N/A","COM",NA,"Pirc Rat","Fecal",2023-11-29,"2846","AAAACATGCATGCCAYTGGGYDTAAAGNG","AACATGCAACATGCATGCCCCGTCAATTYHTTTRAGT","MMF.16S.396redo","CGCTCATT-TAATCTTA","MMF.16S.396redo_2846","Y",128788,119867,99.7,114962,"Combination","Bacteria","Actinobacteria"
"33","ASV00036;seqs=6257728;samples=4744","3835",0.00403481729984586,"Ryan Beach","Rosenberg Lab - Uconn Health","26 week study","01","3835",NA,"N/A","COM",NA,"Pirc Rat","Fecal",2023-11-29,"3835",NA,NA,NA,NA,NA,"Y",59218,52621,NA,44116,"Control","Bacteria","Proteobacteria"
"116","ASV03611;seqs=6239;samples=102","2384",0.00399908301281235,"Ryan Beach","Rosenberg Lab - Uconn Health","26 week study","02","2384",NA,"N/A","COM",NA,"Pirc Rat","Fecal",2023-11-29,"2384","GGTATGGGGTATGGCTACTAYTGGGYDTAAAGNG","GGGGTATGGCTACTCCGTCAATTYHTTTRAGT","MMF.16S.396redo","CGCTCATT-TAATCTTA","MMF.16S.396redo_2384","Y",142830,133381,99.8,117777,"Combination","Bacteria","Tenericutes"
"24","ASV00036;seqs=6257728;samples=4744","3183",0.00379396289116588,"Ryan Beach","Rosenberg Lab - Uconn Health","26 week study","01","3183",NA,"N/A","COM",NA,"Pirc Rat","Fecal",2023-11-29,"3183","AACTCGAACTCGCGCTACAYTGGGYDTAAAGNG","AACAACTCGCGCTACCCGTCAATTYHTTTRAGT","MMF.16S.396redo","CGCTCATT-TAATCTTA","MMF.16S.396redo_3183","Y",142173,131660,100.4,108330,"Control","Bacteria","Proteobacteria"
"9","ASV00008;seqs=21299223;samples=8548","3181",0.00369782101553581,"Ryan Beach","Rosenberg Lab - Uconn Health","26 week study","01","3181",NA,"N/A","COM",NA,"Pirc Rat","Fecal",2023-11-29,"3181","GGTCAGGTCACACATCAAYTGGGYDTAAAGNG","GGTCGGTCACACATCACCGTCAATTYHTTTRAGT","MMF.16S.396redo","CGCTCATT-TAATCTTA","MMF.16S.396redo_3181","Y",150537,139093,100,120882,"Control","Bacteria","Verrucomicrobia"
"132","ASV03611;seqs=6239;samples=102","3181",0.00363991330388313,"Ryan Beach","Rosenberg Lab - Uconn Health","26 week study","01","3181",NA,"N/A","COM",NA,"Pirc Rat","Fecal",2023-11-29,"3181","GGTCAGGTCACACATCAAYTGGGYDTAAAGNG","GGTCGGTCACACATCACCGTCAATTYHTTTRAGT","MMF.16S.396redo","CGCTCATT-TAATCTTA","MMF.16S.396redo_3181","Y",150537,139093,100,120882,"Control","Bacteria","Tenericutes"
"119","ASV03611;seqs=6239;samples=102","2846",0.00339242532315026,"Ryan Beach","Rosenberg Lab - Uconn Health","26 week study","02","2846",NA,"N/A","COM",NA,"Pirc Rat","Fecal",2023-11-29,"2846","AAAACATGCATGCCAYTGGGYDTAAAGNG","AACATGCAACATGCATGCCCCGTCAATTYHTTTRAGT","MMF.16S.396redo","CGCTCATT-TAATCTTA","MMF.16S.396redo_2846","Y",128788,119867,99.7,114962,"Combination","Bacteria","Tenericutes"
"118","ASV03611;seqs=6239;samples=102","2845",0.00316466182854492,"Ryan Beach","Rosenberg Lab - Uconn Health","26 week study","02","2845",NA,"N/A","COM",NA,"Pirc Rat","Fecal",2023-11-29,"2845","GGCTTGAGCTTGAAYTGGGYDTAAAGNG","GCTTGAGCGCTTGAGCTTGACCGTCAATTYHTTTRAGT","MMF.16S.396redo","CGCTCATT-TAATCTTA","MMF.16S.396redo_2845","Y",71371,66519,100.2,60354,"Combination","Bacteria","Tenericutes"
"17","ASV00008;seqs=21299223;samples=8548","4667",0.00265398650890191,"Ryan Beach","Rosenberg Lab - Uconn Health","26 week study","01","4667",NA,"N/A","COM",NA,"Pirc Rat","Fecal",2023-11-29,"4667","GCCGATGCCGATTGTAACAYTGGGYDTAAAGNG","GCCGCCGATTGTAACCCGTCAATTYHTTTRAGT","MMF.16S.396redo","CGCTCATT-TAATCTTA","MMF.16S.396redo_4667","Y",51296,45894,101.9,36172,"Control","Bacteria","Verrucomicrobia"
"28","ASV00036;seqs=6257728;samples=4744","2384",0.00264058347555125,"Ryan Beach","Rosenberg Lab - Uconn Health","26 week study","02","2384",NA,"N/A","COM",NA,"Pirc Rat","Fecal",2023-11-29,"2384","GGTATGGGGTATGGCTACTAYTGGGYDTAAAGNG","GGGGTATGGCTACTCCGTCAATTYHTTTRAGT","MMF.16S.396redo","CGCTCATT-TAATCTTA","MMF.16S.396redo_2384","Y",142830,133381,99.8,117777,"Combination","Bacteria","Proteobacteria"
"110","ASV00277;seqs=520139;samples=2651","4249",0.00260677864274404,"Ryan Beach","Rosenberg Lab - Uconn Health","26 week study","02","4249",NA,"N/A","COM",NA,"Pirc Rat","Fecal",2023-11-29,"4249","AGTCAGTCCACTGGTAAYTGGGYDTAAAGNG","AGTCCAGTCCACTGGTACCGTCAATTYHTTTRAGT","MMF.16S.396redo","CGCTCATT-TAATCTTA","MMF.16S.396redo_4249","Y",243699,225570,100,196411,"Combination","Bacteria","Actinobacteria"
"6","ASV00008;seqs=21299223;samples=8548","3183",0.00247392227453152,"Ryan Beach","Rosenberg Lab - Uconn Health","26 week study","01","3183",NA,"N/A","COM",NA,"Pirc Rat","Fecal",2023-11-29,"3183","AACTCGAACTCGCGCTACAYTGGGYDTAAAGNG","AACAACTCGCGCTACCCGTCAATTYHTTTRAGT","MMF.16S.396redo","CGCTCATT-TAATCTTA","MMF.16S.396redo_3183","Y",142173,131660,100.4,108330,"Control","Bacteria","Verrucomicrobia"
"5","ASV00008;seqs=21299223;samples=8548","2846",0.0023312050938571,"Ryan Beach","Rosenberg Lab - Uconn Health","26 week study","02","2846",NA,"N/A","COM",NA,"Pirc Rat","Fecal",2023-11-29,"2846","AAAACATGCATGCCAYTGGGYDTAAAGNG","AACATGCAACATGCATGCCCCGTCAATTYHTTTRAGT","MMF.16S.396redo","CGCTCATT-TAATCTTA","MMF.16S.396redo_2846","Y",128788,119867,99.7,114962,"Combination","Bacteria","Verrucomicrobia"
"129","ASV03611;seqs=6239;samples=102","3183",0.00223391488968891,"Ryan Beach","Rosenberg Lab - Uconn Health","26 week study","01","3183",NA,"N/A","COM",NA,"Pirc Rat","Fecal",2023-11-29,"3183","AACTCGAACTCGCGCTACAYTGGGYDTAAAGNG","AACAACTCGCGCTACCCGTCAATTYHTTTRAGT","MMF.16S.396redo","CGCTCATT-TAATCTTA","MMF.16S.396redo_3183","Y",142173,131660,100.4,108330,"Control","Bacteria","Tenericutes"
"11","ASV00008;seqs=21299223;samples=8548","2844",0.0020666044195456,"Ryan Beach","Rosenberg Lab - Uconn Health","26 week study","02","2844",NA,"N/A","COM",NA,"Pirc Rat","Fecal",2023-11-29,"2844","CAACACATCAACACATGCTGAYTGGGYDTAAAGNG","CCAACACATGCTGCCGTCAATTYHTTTRAGT","MMF.16S.396redo","CGCTCATT-TAATCTTA","MMF.16S.396redo_2844","Y",96440,85514,100.1,80325,"Combination","Bacteria","Verrucomicrobia"
"107","ASV00277;seqs=520139;samples=2651","2844",0.00174291938997821,"Ryan Beach","Rosenberg Lab - Uconn Health","26 week study","02","2844",NA,"N/A","COM",NA,"Pirc Rat","Fecal",2023-11-29,"2844","CAACACATCAACACATGCTGAYTGGGYDTAAAGNG","CCAACACATGCTGCCGTCAATTYHTTTRAGT","MMF.16S.396redo","CGCTCATT-TAATCTTA","MMF.16S.396redo_2844","Y",96440,85514,100.1,80325,"Combination","Bacteria","Actinobacteria"
"155","ASV08253;seqs=1064;samples=48","3104",0.00139488840892729,"Ryan Beach","Rosenberg Lab - Uconn Health","26 week study","02","3104",NA,"N/A","COM",NA,"Pirc Rat","Fecal",2023-11-29,"3104","CTATCTATGAGTCCAGAYTGGGYDTAAAGNG","CTATGCTATGAGTCCAGCCGTCAATTYHTTTRAGT","MMF.16S.396redo","CGCTCATT-TAATCTTA","MMF.16S.396redo_3104","Y",126102,116279,99.6,111120,"Combination","Bacteria","Cyanobacteria/Chloroplast"
"100","ASV00277;seqs=520139;samples=2651","4247",0.00108022767875691,"Ryan Beach","Rosenberg Lab - Uconn Health","26 week study","02","4247",NA,"N/A","COM",NA,"Pirc Rat","Fecal",2023-11-29,"4247","GAAGAAGGTGAAGGTAYTGGGYDTAAAGNG","GAAGGTGAAGGTGAAGGTCCGTCAATTYHTTTRAGT","MMF.16S.396redo","CGCTCATT-TAATCTTA","MMF.16S.396redo_4247","Y",89811,82158,99.2,72207,"Combination","Bacteria","Actinobacteria"
"123","ASV03611;seqs=6239;samples=102","3834",0.00103191719896396,"Ryan Beach","Rosenberg Lab - Uconn Health","26 week study","01","3834",NA,"N/A","COM",NA,"Pirc Rat","Fecal",2023-11-29,"3834","GCACATAGGCACATAGTCGTAYTGGGYDTAAAGNG","GGCACATAGTCGTCCGTCAATTYHTTTRAGT","MMF.16S.396redo","CGCTCATT-TAATCTTA","MMF.16S.396redo_3834","Y",122526,111498,100.6,96907,"Control","Bacteria","Tenericutes"
"133","ASV03611;seqs=6239;samples=102","3835",0.00102003808142171,"Ryan Beach","Rosenberg Lab - Uconn Health","26 week study","01","3835",NA,"N/A","COM",NA,"Pirc Rat","Fecal",2023-11-29,"3835",NA,NA,NA,NA,NA,"Y",59218,52621,NA,44116,"Control","Bacteria","Tenericutes"
"104","ASV00277;seqs=520139;samples=2651","2845",0.00091129005534016,"Ryan Beach","Rosenberg Lab - Uconn Health","26 week study","02","2845",NA,"N/A","COM",NA,"Pirc Rat","Fecal",2023-11-29,"2845","GGCTTGAGCTTGAAYTGGGYDTAAAGNG","GCTTGAGCGCTTGAGCTTGACCGTCAATTYHTTTRAGT","MMF.16S.396redo","CGCTCATT-TAATCTTA","MMF.16S.396redo_2845","Y",71371,66519,100.2,60354,"Combination","Bacteria","Actinobacteria"
"117","ASV03611;seqs=6239;samples=102","3190",0.000852020993797287,"Ryan Beach","Rosenberg Lab - Uconn Health","26 week study","01","3190",NA,"N/A","COM",NA,"Pirc Rat","Fecal",2023-11-29,"3190","TAGGTCTTAGGTCTAGGTCAYTGGGYDTAAAGNG","TATAGGTCTAGGTCCCGTCAATTYHTTTRAGT","MMF.16S.396redo","CGCTCATT-TAATCTTA","MMF.16S.396redo_3190","Y",67480,62756,99.5,58684,"Control","Bacteria","Tenericutes"
"91","ASV00092;seqs=2571650;samples=2222","3181",0.000653529888651743,"Ryan Beach","Rosenberg Lab - Uconn Health","26 week study","01","3181",NA,"N/A","COM",NA,"Pirc Rat","Fecal",2023-11-29,"3181","GGTCAGGTCACACATCAAYTGGGYDTAAAGNG","GGTCGGTCACACATCACCGTCAATTYHTTTRAGT","MMF.16S.396redo","CGCTCATT-TAATCTTA","MMF.16S.396redo_3181","Y",150537,139093,100,120882,"Control","Bacteria","Deferribacteres"
"106","ASV00277;seqs=520139;samples=2651","3183",0.00051693898273793,"Ryan Beach","Rosenberg Lab - Uconn Health","26 week study","01","3183",NA,"N/A","COM",NA,"Pirc Rat","Fecal",2023-11-29,"3183","AACTCGAACTCGCGCTACAYTGGGYDTAAAGNG","AACAACTCGCGCTACCCGTCAATTYHTTTRAGT","MMF.16S.396redo","CGCTCATT-TAATCTTA","MMF.16S.396redo_3183","Y",142173,131660,100.4,108330,"Control","Bacteria","Actinobacteria"
"115","ASV03611;seqs=6239;samples=102","4247",0.000401623111332696,"Ryan Beach","Rosenberg Lab - Uconn Health","26 week study","02","4247",NA,"N/A","COM",NA,"Pirc Rat","Fecal",2023-11-29,"4247","GAAGAAGGTGAAGGTAYTGGGYDTAAAGNG","GAAGGTGAAGGTGAAGGTCCGTCAATTYHTTTRAGT","MMF.16S.396redo","CGCTCATT-TAATCTTA","MMF.16S.396redo_4247","Y",89811,82158,99.2,72207,"Combination","Bacteria","Tenericutes"
"168","ASV08253;seqs=1064;samples=48","4247",0.000346226820114393,"Ryan Beach","Rosenberg Lab - Uconn Health","26 week study","02","4247",NA,"N/A","COM",NA,"Pirc Rat","Fecal",2023-11-29,"4247","GAAGAAGGTGAAGGTAYTGGGYDTAAAGNG","GAAGGTGAAGGTGAAGGTCCGTCAATTYHTTTRAGT","MMF.16S.396redo","CGCTCATT-TAATCTTA","MMF.16S.396redo_4247","Y",89811,82158,99.2,72207,"Combination","Bacteria","Cyanobacteria/Chloroplast"
"128","ASV03611;seqs=6239;samples=102","4669",0.000342202070322525,"Ryan Beach","Rosenberg Lab - Uconn Health","26 week study","01","4669",NA,"N/A","COM",NA,"Pirc Rat","Fecal",2023-11-29,"4669","CGTAGCCCGTAGCCAACATAYTGGGYDTAAAGNG","CGCGTAGCCAACATCCGTCAATTYHTTTRAGT","MMF.16S.396redo","CGCTCATT-TAATCTTA","MMF.16S.396redo_4669","Y",70474,62638,100.5,58445,"Control","Bacteria","Tenericutes"
"105","ASV00277;seqs=520139;samples=2651","3181",0.00033090120944392,"Ryan Beach","Rosenberg Lab - Uconn Health","26 week study","01","3181",NA,"N/A","COM",NA,"Pirc Rat","Fecal",2023-11-29,"3181","GGTCAGGTCACACATCAAYTGGGYDTAAAGNG","GGTCGGTCACACATCACCGTCAATTYHTTTRAGT","MMF.16S.396redo","CGCTCATT-TAATCTTA","MMF.16S.396redo_3181","Y",150537,139093,100,120882,"Control","Bacteria","Actinobacteria"
"140","ASV07887;seqs=1161;samples=56","4246",0.000330631210405437,"Ryan Beach","Rosenberg Lab - Uconn Health","26 week study","02","4246",NA,"N/A","COM",NA,"Pirc Rat","Fecal",2023-11-29,"4246","ATATCTTGGAGTCGAYTGGGYDTAAAGNG","ATCTTGGATCTTGGAGTCGCCGTCAATTYHTTTRAGT","MMF.16S.396redo","CGCTCATT-TAATCTTA","MMF.16S.396redo_4246","Y",217177,203739,100.8,169373,"Combination","Bacteria","Candidatus Saccharibacteria"
"2","ASV00008;seqs=21299223;samples=8548","3102",0.000303463048911103,"Ryan Beach","Rosenberg Lab - Uconn Health","26 week study","02","3102",NA,"N/A","COM",NA,"Pirc Rat","Fecal",2023-11-29,"3102",NA,NA,NA,NA,NA,"Y",71544,63496,NA,56020,"Combination","Bacteria","Verrucomicrobia"
"16","ASV00008;seqs=21299223;samples=8548","4666",0.000259903071442768,"Ryan Beach","Rosenberg Lab - Uconn Health","26 week study","01","4666",NA,"N/A","COM",NA,"Pirc Rat","Fecal",2023-11-29,"4666","TTGGCTCTTTGGCTCTATTCAYTGGGYDTAAAGNG","TTTGGCTCTATTCCCGTCAATTYHTTTRAGT","MMF.16S.396redo","CGCTCATT-TAATCTTA","MMF.16S.396redo_4666","Y",78576,72720,100.2,65409,"Control","Bacteria","Verrucomicrobia"
"130","ASV03611;seqs=6239;samples=102","4666",0.000259903071442768,"Ryan Beach","Rosenberg Lab - Uconn Health","26 week study","01","4666",NA,"N/A","COM",NA,"Pirc Rat","Fecal",2023-11-29,"4666","TTGGCTCTTTGGCTCTATTCAYTGGGYDTAAAGNG","TTTGGCTCTATTCCCGTCAATTYHTTTRAGT","MMF.16S.396redo","CGCTCATT-TAATCTTA","MMF.16S.396redo_4666","Y",78576,72720,100.2,65409,"Control","Bacteria","Tenericutes"
"126","ASV03611;seqs=6239;samples=102","4246",0.000218452764017878,"Ryan Beach","Rosenberg Lab - Uconn Health","26 week study","02","4246",NA,"N/A","COM",NA,"Pirc Rat","Fecal",2023-11-29,"4246","ATATCTTGGAGTCGAYTGGGYDTAAAGNG","ATCTTGGATCTTGGAGTCGCCGTCAATTYHTTTRAGT","MMF.16S.396redo","CGCTCATT-TAATCTTA","MMF.16S.396redo_4246","Y",217177,203739,100.8,169373,"Combination","Bacteria","Tenericutes"
"131","ASV03611;seqs=6239;samples=102","4787",0.000203794278938788,"Ryan Beach","Rosenberg Lab - Uconn Health","26 week study","01","4787",NA,"N/A","COM",NA,"Pirc Rat","Fecal",2023-11-29,"4787","TTAATCGGTGCCAAYTGGGYDTAAAGNG","TAATCGGTTAATCGGTGCCACCGTCAATTYHTTTRAGT","MMF.16S.396redo","CGCTCATT-TAATCTTA","MMF.16S.396redo_4787","Y",67106,62560,100.9,53976,"Control","Bacteria","Tenericutes"
"18","ASV00008;seqs=21299223;samples=8548","4669",0.000188211138677389,"Ryan Beach","Rosenberg Lab - Uconn Health","26 week study","01","4669",NA,"N/A","COM",NA,"Pirc Rat","Fecal",2023-11-29,"4669","CGTAGCCCGTAGCCAACATAYTGGGYDTAAAGNG","CGCGTAGCCAACATCCGTCAATTYHTTTRAGT","MMF.16S.396redo","CGCTCATT-TAATCTTA","MMF.16S.396redo_4669","Y",70474,62638,100.5,58445,"Control","Bacteria","Verrucomicrobia"
"8","ASV00008;seqs=21299223;samples=8548","2845",0.000182258011068032,"Ryan Beach","Rosenberg Lab - Uconn Health","26 week study","02","2845",NA,"N/A","COM",NA,"Pirc Rat","Fecal",2023-11-29,"2845","GGCTTGAGCTTGAAYTGGGYDTAAAGNG","GCTTGAGCGCTTGAGCTTGACCGTCAATTYHTTTRAGT","MMF.16S.396redo","CGCTCATT-TAATCTTA","MMF.16S.396redo_2845","Y",71371,66519,100.2,60354,"Combination","Bacteria","Verrucomicrobia"
"162","ASV08253;seqs=1064;samples=48","2844",0.000174291938997821,"Ryan Beach","Rosenberg Lab - Uconn Health","26 week study","02","2844",NA,"N/A","COM",NA,"Pirc Rat","Fecal",2023-11-29,"2844","CAACACATCAACACATGCTGAYTGGGYDTAAAGNG","CCAACACATGCTGCCGTCAATTYHTTTRAGT","MMF.16S.396redo","CGCTCATT-TAATCTTA","MMF.16S.396redo_2844","Y",96440,85514,100.1,80325,"Combination","Bacteria","Cyanobacteria/Chloroplast"
"3","ASV00008;seqs=21299223;samples=8548","3190",0.000170404198759457,"Ryan Beach","Rosenberg Lab - Uconn Health","26 week study","01","3190",NA,"N/A","COM",NA,"Pirc Rat","Fecal",2023-11-29,"3190","TAGGTCTTAGGTCTAGGTCAYTGGGYDTAAAGNG","TATAGGTCTAGGTCCCGTCAATTYHTTTRAGT","MMF.16S.396redo","CGCTCATT-TAATCTTA","MMF.16S.396redo_3190","Y",67480,62756,99.5,58684,"Control","Bacteria","Verrucomicrobia"
"19","ASV00008;seqs=21299223;samples=8548","4787",0.00016674077367719,"Ryan Beach","Rosenberg Lab - Uconn Health","26 week study","01","4787",NA,"N/A","COM",NA,"Pirc Rat","Fecal",2023-11-29,"4787","TTAATCGGTGCCAAYTGGGYDTAAAGNG","TAATCGGTTAATCGGTGCCACCGTCAATTYHTTTRAGT","MMF.16S.396redo","CGCTCATT-TAATCTTA","MMF.16S.396redo_4787","Y",67106,62560,100.9,53976,"Control","Bacteria","Verrucomicrobia"
"159","ASV08253;seqs=1064;samples=48","2845",0.000165689100970938,"Ryan Beach","Rosenberg Lab - Uconn Health","26 week study","02","2845",NA,"N/A","COM",NA,"Pirc Rat","Fecal",2023-11-29,"2845","GGCTTGAGCTTGAAYTGGGYDTAAAGNG","GCTTGAGCGCTTGAGCTTGACCGTCAATTYHTTTRAGT","MMF.16S.396redo","CGCTCATT-TAATCTTA","MMF.16S.396redo_2845","Y",71371,66519,100.2,60354,"Combination","Bacteria","Cyanobacteria/Chloroplast"
"167","ASV08253;seqs=1064;samples=48","4246",0.000135794961416519,"Ryan Beach","Rosenberg Lab - Uconn Health","26 week study","02","4246",NA,"N/A","COM",NA,"Pirc Rat","Fecal",2023-11-29,"4246","ATATCTTGGAGTCGAYTGGGYDTAAAGNG","ATCTTGGATCTTGGAGTCGCCGTCAATTYHTTTRAGT","MMF.16S.396redo","CGCTCATT-TAATCTTA","MMF.16S.396redo_4246","Y",217177,203739,100.8,169373,"Combination","Bacteria","Cyanobacteria/Chloroplast"
"161","ASV08253;seqs=1064;samples=48","3183",0.000129234745684483,"Ryan Beach","Rosenberg Lab - Uconn Health","26 week study","01","3183",NA,"N/A","COM",NA,"Pirc Rat","Fecal",2023-11-29,"3183","AACTCGAACTCGCGCTACAYTGGGYDTAAAGNG","AACAACTCGCGCTACCCGTCAATTYHTTTRAGT","MMF.16S.396redo","CGCTCATT-TAATCTTA","MMF.16S.396redo_3183","Y",142173,131660,100.4,108330,"Control","Bacteria","Cyanobacteria/Chloroplast"
"153","ASV08253;seqs=1064;samples=48","3102",0.000124955373081042,"Ryan Beach","Rosenberg Lab - Uconn Health","26 week study","02","3102",NA,"N/A","COM",NA,"Pirc Rat","Fecal",2023-11-29,"3102",NA,NA,NA,NA,NA,"Y",71544,63496,NA,56020,"Combination","Bacteria","Cyanobacteria/Chloroplast"
"124","ASV03611;seqs=6239;samples=102","4249",0.000122192748878627,"Ryan Beach","Rosenberg Lab - Uconn Health","26 week study","02","4249",NA,"N/A","COM",NA,"Pirc Rat","Fecal",2023-11-29,"4249","AGTCAGTCCACTGGTAAYTGGGYDTAAAGNG","AGTCCAGTCCACTGGTACCGTCAATTYHTTTRAGT","MMF.16S.396redo","CGCTCATT-TAATCTTA","MMF.16S.396redo_4249","Y",243699,225570,100,196411,"Combination","Bacteria","Tenericutes"
"160","ASV08253;seqs=1064;samples=48","3181",0.000115815423305372,"Ryan Beach","Rosenberg Lab - Uconn Health","26 week study","01","3181",NA,"N/A","COM",NA,"Pirc Rat","Fecal",2023-11-29,"3181","GGTCAGGTCACACATCAAYTGGGYDTAAAGNG","GGTCGGTCACACATCACCGTCAATTYHTTTRAGT","MMF.16S.396redo","CGCTCATT-TAATCTTA","MMF.16S.396redo_3181","Y",150537,139093,100,120882,"Control","Bacteria","Cyanobacteria/Chloroplast"
"156","ASV08253;seqs=1064;samples=48","2846",0.000113080844105009,"Ryan Beach","Rosenberg Lab - Uconn Health","26 week study","02","2846",NA,"N/A","COM",NA,"Pirc Rat","Fecal",2023-11-29,"2846","AAAACATGCATGCCAYTGGGYDTAAAGNG","AACATGCAACATGCATGCCCCGTCAATTYHTTTRAGT","MMF.16S.396redo","CGCTCATT-TAATCTTA","MMF.16S.396redo_2846","Y",128788,119867,99.7,114962,"Combination","Bacteria","Cyanobacteria/Chloroplast"
"187","ASV34708;seqs=47;samples=6","3181",9.92703628331762e-05,"Ryan Beach","Rosenberg Lab - Uconn Health","26 week study","01","3181",NA,"N/A","COM",NA,"Pirc Rat","Fecal",2023-11-29,"3181","GGTCAGGTCACACATCAAYTGGGYDTAAAGNG","GGTCGGTCACACATCACCGTCAATTYHTTTRAGT","MMF.16S.396redo","CGCTCATT-TAATCTTA","MMF.16S.396redo_3181","Y",150537,139093,100,120882,"Control","Bacteria","Elusimicrobia"
"125","ASV03611;seqs=6239;samples=102","4785",9.80969197567196e-05,"Ryan Beach","Rosenberg Lab - Uconn Health","26 week study","01","4785",NA,"N/A","COM",NA,"Pirc Rat","Fecal",2023-11-29,"4785",NA,NA,NA,NA,NA,"Y",42317,37426,NA,30582,"Control","Bacteria","Tenericutes"
"79","ASV00092;seqs=2571650;samples=2222","3183",8.3079479368596e-05,"Ryan Beach","Rosenberg Lab - Uconn Health","26 week study","01","3183",NA,"N/A","COM",NA,"Pirc Rat","Fecal",2023-11-29,"3183","AACTCGAACTCGCGCTACAYTGGGYDTAAAGNG","AACAACTCGCGCTACCCGTCAATTYHTTTRAGT","MMF.16S.396redo","CGCTCATT-TAATCTTA","MMF.16S.396redo_3183","Y",142173,131660,100.4,108330,"Control","Bacteria","Deferribacteres"
"165","ASV08253;seqs=1064;samples=48","4249",7.63704680491418e-05,"Ryan Beach","Rosenberg Lab - Uconn Health","26 week study","02","4249",NA,"N/A","COM",NA,"Pirc Rat","Fecal",2023-11-29,"4249","AGTCAGTCCACTGGTAAYTGGGYDTAAAGNG","AGTCCAGTCCACTGGTACCGTCAATTYHTTTRAGT","MMF.16S.396redo","CGCTCATT-TAATCTTA","MMF.16S.396redo_4249","Y",243699,225570,100,196411,"Combination","Bacteria","Cyanobacteria/Chloroplast"
"145","ASV07887;seqs=1161;samples=56","2845",6.62756403883752e-05,"Ryan Beach","Rosenberg Lab - Uconn Health","26 week study","02","2845",NA,"N/A","COM",NA,"Pirc Rat","Fecal",2023-11-29,"2845","GGCTTGAGCTTGAAYTGGGYDTAAAGNG","GCTTGAGCGCTTGAGCTTGACCGTCAATTYHTTTRAGT","MMF.16S.396redo","CGCTCATT-TAATCTTA","MMF.16S.396redo_2845","Y",71371,66519,100.2,60354,"Combination","Bacteria","Candidatus Saccharibacteria"
"142","ASV07887;seqs=1161;samples=56","2846",6.08896852873123e-05,"Ryan Beach","Rosenberg Lab - Uconn Health","26 week study","02","2846",NA,"N/A","COM",NA,"Pirc Rat","Fecal",2023-11-29,"2846","AAAACATGCATGCCAYTGGGYDTAAAGNG","AACATGCAACATGCATGCCCCGTCAATTYHTTTRAGT","MMF.16S.396redo","CGCTCATT-TAATCTTA","MMF.16S.396redo_2846","Y",128788,119867,99.7,114962,"Combination","Bacteria","Candidatus Saccharibacteria"
"127","ASV03611;seqs=6239;samples=102","4667",5.52913856021232e-05,"Ryan Beach","Rosenberg Lab - Uconn Health","26 week study","01","4667",NA,"N/A","COM",NA,"Pirc Rat","Fecal",2023-11-29,"4667","GCCGATGCCGATTGTAACAYTGGGYDTAAAGNG","GCCGCCGATTGTAACCCGTCAATTYHTTTRAGT","MMF.16S.396redo","CGCTCATT-TAATCTTA","MMF.16S.396redo_4667","Y",51296,45894,101.9,36172,"Control","Bacteria","Tenericutes"
"144","ASV07887;seqs=1161;samples=56","2844",3.73482726423903e-05,"Ryan Beach","Rosenberg Lab - Uconn Health","26 week study","02","2844",NA,"N/A","COM",NA,"Pirc Rat","Fecal",2023-11-29,"2844","CAACACATCAACACATGCTGAYTGGGYDTAAAGNG","CCAACACATGCTGCCGTCAATTYHTTTRAGT","MMF.16S.396redo","CGCTCATT-TAATCTTA","MMF.16S.396redo_2844","Y",96440,85514,100.1,80325,"Combination","Bacteria","Candidatus Saccharibacteria"
"184","ASV34708;seqs=47;samples=6","3183",3.69242130527093e-05,"Ryan Beach","Rosenberg Lab - Uconn Health","26 week study","01","3183",NA,"N/A","COM",NA,"Pirc Rat","Fecal",2023-11-29,"3183","AACTCGAACTCGCGCTACAYTGGGYDTAAAGNG","AACAACTCGCGCTACCCGTCAATTYHTTTRAGT","MMF.16S.396redo","CGCTCATT-TAATCTTA","MMF.16S.396redo_3183","Y",142173,131660,100.4,108330,"Control","Bacteria","Elusimicrobia"
"83","ASV00092;seqs=2571650;samples=2222","2384",3.39624884315274e-05,"Ryan Beach","Rosenberg Lab - Uconn Health","26 week study","02","2384",NA,"N/A","COM",NA,"Pirc Rat","Fecal",2023-11-29,"2384","GGTATGGGGTATGGCTACTAYTGGGYDTAAAGNG","GGGGTATGGCTACTCCGTCAATTYHTTTRAGT","MMF.16S.396redo","CGCTCATT-TAATCTTA","MMF.16S.396redo_2384","Y",142830,133381,99.8,117777,"Combination","Bacteria","Deferribacteres"
"143","ASV07887;seqs=1161;samples=56","3183",2.7693159789532e-05,"Ryan Beach","Rosenberg Lab - Uconn Health","26 week study","01","3183",NA,"N/A","COM",NA,"Pirc Rat","Fecal",2023-11-29,"3183","AACTCGAACTCGCGCTACAYTGGGYDTAAAGNG","AACAACTCGCGCTACCCGTCAATTYHTTTRAGT","MMF.16S.396redo","CGCTCATT-TAATCTTA","MMF.16S.396redo_3183","Y",142173,131660,100.4,108330,"Control","Bacteria","Candidatus Saccharibacteria"
"12","ASV00008;seqs=21299223;samples=8548","3104",2.69978401727862e-05,"Ryan Beach","Rosenberg Lab - Uconn Health","26 week study","02","3104",NA,"N/A","COM",NA,"Pirc Rat","Fecal",2023-11-29,"3104","CTATCTATGAGTCCAGAYTGGGYDTAAAGNG","CTATGCTATGAGTCCAGCCGTCAATTYHTTTRAGT","MMF.16S.396redo","CGCTCATT-TAATCTTA","MMF.16S.396redo_3104","Y",126102,116279,99.6,111120,"Combination","Bacteria","Verrucomicrobia"
"174","ASV34708;seqs=47;samples=6","2846",2.60955794088481e-05,"Ryan Beach","Rosenberg Lab - Uconn Health","26 week study","02","2846",NA,"N/A","COM",NA,"Pirc Rat","Fecal",2023-11-29,"2846","AAAACATGCATGCCAYTGGGYDTAAAGNG","AACATGCAACATGCATGCCCCGTCAATTYHTTTRAGT","MMF.16S.396redo","CGCTCATT-TAATCTTA","MMF.16S.396redo_2846","Y",128788,119867,99.7,114962,"Combination","Bacteria","Elusimicrobia"
"77","ASV00092;seqs=2571650;samples=2222","3102",0,"Ryan Beach","Rosenberg Lab - Uconn Health","26 week study","02","3102",NA,"N/A","COM",NA,"Pirc Rat","Fecal",2023-11-29,"3102",NA,NA,NA,NA,NA,"Y",71544,63496,NA,56020,"Combination","Bacteria","Deferribacteres"
"78","ASV00092;seqs=2571650;samples=2222","2846",0,"Ryan Beach","Rosenberg Lab - Uconn Health","26 week study","02","2846",NA,"N/A","COM",NA,"Pirc Rat","Fecal",2023-11-29,"2846","AAAACATGCATGCCAYTGGGYDTAAAGNG","AACATGCAACATGCATGCCCCGTCAATTYHTTTRAGT","MMF.16S.396redo","CGCTCATT-TAATCTTA","MMF.16S.396redo_2846","Y",128788,119867,99.7,114962,"Combination","Bacteria","Deferribacteres"
"80","ASV00092;seqs=2571650;samples=2222","3190",0,"Ryan Beach","Rosenberg Lab - Uconn Health","26 week study","01","3190",NA,"N/A","COM",NA,"Pirc Rat","Fecal",2023-11-29,"3190","TAGGTCTTAGGTCTAGGTCAYTGGGYDTAAAGNG","TATAGGTCTAGGTCCCGTCAATTYHTTTRAGT","MMF.16S.396redo","CGCTCATT-TAATCTTA","MMF.16S.396redo_3190","Y",67480,62756,99.5,58684,"Control","Bacteria","Deferribacteres"
"81","ASV00092;seqs=2571650;samples=2222","3104",0,"Ryan Beach","Rosenberg Lab - Uconn Health","26 week study","02","3104",NA,"N/A","COM",NA,"Pirc Rat","Fecal",2023-11-29,"3104","CTATCTATGAGTCCAGAYTGGGYDTAAAGNG","CTATGCTATGAGTCCAGCCGTCAATTYHTTTRAGT","MMF.16S.396redo","CGCTCATT-TAATCTTA","MMF.16S.396redo_3104","Y",126102,116279,99.6,111120,"Combination","Bacteria","Deferribacteres"
"82","ASV00092;seqs=2571650;samples=2222","3834",0,"Ryan Beach","Rosenberg Lab - Uconn Health","26 week study","01","3834",NA,"N/A","COM",NA,"Pirc Rat","Fecal",2023-11-29,"3834","GCACATAGGCACATAGTCGTAYTGGGYDTAAAGNG","GGCACATAGTCGTCCGTCAATTYHTTTRAGT","MMF.16S.396redo","CGCTCATT-TAATCTTA","MMF.16S.396redo_3834","Y",122526,111498,100.6,96907,"Control","Bacteria","Deferribacteres"
"84","ASV00092;seqs=2571650;samples=2222","4785",0,"Ryan Beach","Rosenberg Lab - Uconn Health","26 week study","01","4785",NA,"N/A","COM",NA,"Pirc Rat","Fecal",2023-11-29,"4785",NA,NA,NA,NA,NA,"Y",42317,37426,NA,30582,"Control","Bacteria","Deferribacteres"
"85","ASV00092;seqs=2571650;samples=2222","4246",0,"Ryan Beach","Rosenberg Lab - Uconn Health","26 week study","02","4246",NA,"N/A","COM",NA,"Pirc Rat","Fecal",2023-11-29,"4246","ATATCTTGGAGTCGAYTGGGYDTAAAGNG","ATCTTGGATCTTGGAGTCGCCGTCAATTYHTTTRAGT","MMF.16S.396redo","CGCTCATT-TAATCTTA","MMF.16S.396redo_4246","Y",217177,203739,100.8,169373,"Combination","Bacteria","Deferribacteres"
"86","ASV00092;seqs=2571650;samples=2222","4247",0,"Ryan Beach","Rosenberg Lab - Uconn Health","26 week study","02","4247",NA,"N/A","COM",NA,"Pirc Rat","Fecal",2023-11-29,"4247","GAAGAAGGTGAAGGTAYTGGGYDTAAAGNG","GAAGGTGAAGGTGAAGGTCCGTCAATTYHTTTRAGT","MMF.16S.396redo","CGCTCATT-TAATCTTA","MMF.16S.396redo_4247","Y",89811,82158,99.2,72207,"Combination","Bacteria","Deferribacteres"
"87","ASV00092;seqs=2571650;samples=2222","4669",0,"Ryan Beach","Rosenberg Lab - Uconn Health","26 week study","01","4669",NA,"N/A","COM",NA,"Pirc Rat","Fecal",2023-11-29,"4669","CGTAGCCCGTAGCCAACATAYTGGGYDTAAAGNG","CGCGTAGCCAACATCCGTCAATTYHTTTRAGT","MMF.16S.396redo","CGCTCATT-TAATCTTA","MMF.16S.396redo_4669","Y",70474,62638,100.5,58445,"Control","Bacteria","Deferribacteres"
"88","ASV00092;seqs=2571650;samples=2222","3835",0,"Ryan Beach","Rosenberg Lab - Uconn Health","26 week study","01","3835",NA,"N/A","COM",NA,"Pirc Rat","Fecal",2023-11-29,"3835",NA,NA,NA,NA,NA,"Y",59218,52621,NA,44116,"Control","Bacteria","Deferribacteres"
"89","ASV00092;seqs=2571650;samples=2222","2844",0,"Ryan Beach","Rosenberg Lab - Uconn Health","26 week study","02","2844",NA,"N/A","COM",NA,"Pirc Rat","Fecal",2023-11-29,"2844","CAACACATCAACACATGCTGAYTGGGYDTAAAGNG","CCAACACATGCTGCCGTCAATTYHTTTRAGT","MMF.16S.396redo","CGCTCATT-TAATCTTA","MMF.16S.396redo_2844","Y",96440,85514,100.1,80325,"Combination","Bacteria","Deferribacteres"
"90","ASV00092;seqs=2571650;samples=2222","2845",0,"Ryan Beach","Rosenberg Lab - Uconn Health","26 week study","02","2845",NA,"N/A","COM",NA,"Pirc Rat","Fecal",2023-11-29,"2845","GGCTTGAGCTTGAAYTGGGYDTAAAGNG","GCTTGAGCGCTTGAGCTTGACCGTCAATTYHTTTRAGT","MMF.16S.396redo","CGCTCATT-TAATCTTA","MMF.16S.396redo_2845","Y",71371,66519,100.2,60354,"Combination","Bacteria","Deferribacteres"
"92","ASV00092;seqs=2571650;samples=2222","4249",0,"Ryan Beach","Rosenberg Lab - Uconn Health","26 week study","02","4249",NA,"N/A","COM",NA,"Pirc Rat","Fecal",2023-11-29,"4249","AGTCAGTCCACTGGTAAYTGGGYDTAAAGNG","AGTCCAGTCCACTGGTACCGTCAATTYHTTTRAGT","MMF.16S.396redo","CGCTCATT-TAATCTTA","MMF.16S.396redo_4249","Y",243699,225570,100,196411,"Combination","Bacteria","Deferribacteres"
"93","ASV00092;seqs=2571650;samples=2222","4787",0,"Ryan Beach","Rosenberg Lab - Uconn Health","26 week study","01","4787",NA,"N/A","COM",NA,"Pirc Rat","Fecal",2023-11-29,"4787","TTAATCGGTGCCAAYTGGGYDTAAAGNG","TAATCGGTTAATCGGTGCCACCGTCAATTYHTTTRAGT","MMF.16S.396redo","CGCTCATT-TAATCTTA","MMF.16S.396redo_4787","Y",67106,62560,100.9,53976,"Control","Bacteria","Deferribacteres"
"94","ASV00092;seqs=2571650;samples=2222","4667",0,"Ryan Beach","Rosenberg Lab - Uconn Health","26 week study","01","4667",NA,"N/A","COM",NA,"Pirc Rat","Fecal",2023-11-29,"4667","GCCGATGCCGATTGTAACAYTGGGYDTAAAGNG","GCCGCCGATTGTAACCCGTCAATTYHTTTRAGT","MMF.16S.396redo","CGCTCATT-TAATCTTA","MMF.16S.396redo_4667","Y",51296,45894,101.9,36172,"Control","Bacteria","Deferribacteres"
"95","ASV00092;seqs=2571650;samples=2222","4666",0,"Ryan Beach","Rosenberg Lab - Uconn Health","26 week study","01","4666",NA,"N/A","COM",NA,"Pirc Rat","Fecal",2023-11-29,"4666","TTGGCTCTTTGGCTCTATTCAYTGGGYDTAAAGNG","TTTGGCTCTATTCCCGTCAATTYHTTTRAGT","MMF.16S.396redo","CGCTCATT-TAATCTTA","MMF.16S.396redo_4666","Y",78576,72720,100.2,65409,"Control","Bacteria","Deferribacteres"
"120","ASV03611;seqs=6239;samples=102","3102",0,"Ryan Beach","Rosenberg Lab - Uconn Health","26 week study","02","3102",NA,"N/A","COM",NA,"Pirc Rat","Fecal",2023-11-29,"3102",NA,NA,NA,NA,NA,"Y",71544,63496,NA,56020,"Combination","Bacteria","Tenericutes"
"122","ASV03611;seqs=6239;samples=102","3104",0,"Ryan Beach","Rosenberg Lab - Uconn Health","26 week study","02","3104",NA,"N/A","COM",NA,"Pirc Rat","Fecal",2023-11-29,"3104","CTATCTATGAGTCCAGAYTGGGYDTAAAGNG","CTATGCTATGAGTCCAGCCGTCAATTYHTTTRAGT","MMF.16S.396redo","CGCTCATT-TAATCTTA","MMF.16S.396redo_3104","Y",126102,116279,99.6,111120,"Combination","Bacteria","Tenericutes"
"134","ASV07887;seqs=1161;samples=56","3102",0,"Ryan Beach","Rosenberg Lab - Uconn Health","26 week study","02","3102",NA,"N/A","COM",NA,"Pirc Rat","Fecal",2023-11-29,"3102",NA,NA,NA,NA,NA,"Y",71544,63496,NA,56020,"Combination","Bacteria","Candidatus Saccharibacteria"
"135","ASV07887;seqs=1161;samples=56","3190",0,"Ryan Beach","Rosenberg Lab - Uconn Health","26 week study","01","3190",NA,"N/A","COM",NA,"Pirc Rat","Fecal",2023-11-29,"3190","TAGGTCTTAGGTCTAGGTCAYTGGGYDTAAAGNG","TATAGGTCTAGGTCCCGTCAATTYHTTTRAGT","MMF.16S.396redo","CGCTCATT-TAATCTTA","MMF.16S.396redo_3190","Y",67480,62756,99.5,58684,"Control","Bacteria","Candidatus Saccharibacteria"
"136","ASV07887;seqs=1161;samples=56","3104",0,"Ryan Beach","Rosenberg Lab - Uconn Health","26 week study","02","3104",NA,"N/A","COM",NA,"Pirc Rat","Fecal",2023-11-29,"3104","CTATCTATGAGTCCAGAYTGGGYDTAAAGNG","CTATGCTATGAGTCCAGCCGTCAATTYHTTTRAGT","MMF.16S.396redo","CGCTCATT-TAATCTTA","MMF.16S.396redo_3104","Y",126102,116279,99.6,111120,"Combination","Bacteria","Candidatus Saccharibacteria"
"137","ASV07887;seqs=1161;samples=56","3834",0,"Ryan Beach","Rosenberg Lab - Uconn Health","26 week study","01","3834",NA,"N/A","COM",NA,"Pirc Rat","Fecal",2023-11-29,"3834","GCACATAGGCACATAGTCGTAYTGGGYDTAAAGNG","GGCACATAGTCGTCCGTCAATTYHTTTRAGT","MMF.16S.396redo","CGCTCATT-TAATCTTA","MMF.16S.396redo_3834","Y",122526,111498,100.6,96907,"Control","Bacteria","Candidatus Saccharibacteria"
"138","ASV07887;seqs=1161;samples=56","2384",0,"Ryan Beach","Rosenberg Lab - Uconn Health","26 week study","02","2384",NA,"N/A","COM",NA,"Pirc Rat","Fecal",2023-11-29,"2384","GGTATGGGGTATGGCTACTAYTGGGYDTAAAGNG","GGGGTATGGCTACTCCGTCAATTYHTTTRAGT","MMF.16S.396redo","CGCTCATT-TAATCTTA","MMF.16S.396redo_2384","Y",142830,133381,99.8,117777,"Combination","Bacteria","Candidatus Saccharibacteria"
"139","ASV07887;seqs=1161;samples=56","4785",0,"Ryan Beach","Rosenberg Lab - Uconn Health","26 week study","01","4785",NA,"N/A","COM",NA,"Pirc Rat","Fecal",2023-11-29,"4785",NA,NA,NA,NA,NA,"Y",42317,37426,NA,30582,"Control","Bacteria","Candidatus Saccharibacteria"
"141","ASV07887;seqs=1161;samples=56","4247",0,"Ryan Beach","Rosenberg Lab - Uconn Health","26 week study","02","4247",NA,"N/A","COM",NA,"Pirc Rat","Fecal",2023-11-29,"4247","GAAGAAGGTGAAGGTAYTGGGYDTAAAGNG","GAAGGTGAAGGTGAAGGTCCGTCAATTYHTTTRAGT","MMF.16S.396redo","CGCTCATT-TAATCTTA","MMF.16S.396redo_4247","Y",89811,82158,99.2,72207,"Combination","Bacteria","Candidatus Saccharibacteria"
"146","ASV07887;seqs=1161;samples=56","3181",0,"Ryan Beach","Rosenberg Lab - Uconn Health","26 week study","01","3181",NA,"N/A","COM",NA,"Pirc Rat","Fecal",2023-11-29,"3181","GGTCAGGTCACACATCAAYTGGGYDTAAAGNG","GGTCGGTCACACATCACCGTCAATTYHTTTRAGT","MMF.16S.396redo","CGCTCATT-TAATCTTA","MMF.16S.396redo_3181","Y",150537,139093,100,120882,"Control","Bacteria","Candidatus Saccharibacteria"
"147","ASV07887;seqs=1161;samples=56","3835",0,"Ryan Beach","Rosenberg Lab - Uconn Health","26 week study","01","3835",NA,"N/A","COM",NA,"Pirc Rat","Fecal",2023-11-29,"3835",NA,NA,NA,NA,NA,"Y",59218,52621,NA,44116,"Control","Bacteria","Candidatus Saccharibacteria"
"148","ASV07887;seqs=1161;samples=56","4787",0,"Ryan Beach","Rosenberg Lab - Uconn Health","26 week study","01","4787",NA,"N/A","COM",NA,"Pirc Rat","Fecal",2023-11-29,"4787","TTAATCGGTGCCAAYTGGGYDTAAAGNG","TAATCGGTTAATCGGTGCCACCGTCAATTYHTTTRAGT","MMF.16S.396redo","CGCTCATT-TAATCTTA","MMF.16S.396redo_4787","Y",67106,62560,100.9,53976,"Control","Bacteria","Candidatus Saccharibacteria"
"149","ASV07887;seqs=1161;samples=56","4667",0,"Ryan Beach","Rosenberg Lab - Uconn Health","26 week study","01","4667",NA,"N/A","COM",NA,"Pirc Rat","Fecal",2023-11-29,"4667","GCCGATGCCGATTGTAACAYTGGGYDTAAAGNG","GCCGCCGATTGTAACCCGTCAATTYHTTTRAGT","MMF.16S.396redo","CGCTCATT-TAATCTTA","MMF.16S.396redo_4667","Y",51296,45894,101.9,36172,"Control","Bacteria","Candidatus Saccharibacteria"
"150","ASV07887;seqs=1161;samples=56","4249",0,"Ryan Beach","Rosenberg Lab - Uconn Health","26 week study","02","4249",NA,"N/A","COM",NA,"Pirc Rat","Fecal",2023-11-29,"4249","AGTCAGTCCACTGGTAAYTGGGYDTAAAGNG","AGTCCAGTCCACTGGTACCGTCAATTYHTTTRAGT","MMF.16S.396redo","CGCTCATT-TAATCTTA","MMF.16S.396redo_4249","Y",243699,225570,100,196411,"Combination","Bacteria","Candidatus Saccharibacteria"
"151","ASV07887;seqs=1161;samples=56","4666",0,"Ryan Beach","Rosenberg Lab - Uconn Health","26 week study","01","4666",NA,"N/A","COM",NA,"Pirc Rat","Fecal",2023-11-29,"4666","TTGGCTCTTTGGCTCTATTCAYTGGGYDTAAAGNG","TTTGGCTCTATTCCCGTCAATTYHTTTRAGT","MMF.16S.396redo","CGCTCATT-TAATCTTA","MMF.16S.396redo_4666","Y",78576,72720,100.2,65409,"Control","Bacteria","Candidatus Saccharibacteria"
"152","ASV07887;seqs=1161;samples=56","4669",0,"Ryan Beach","Rosenberg Lab - Uconn Health","26 week study","01","4669",NA,"N/A","COM",NA,"Pirc Rat","Fecal",2023-11-29,"4669","CGTAGCCCGTAGCCAACATAYTGGGYDTAAAGNG","CGCGTAGCCAACATCCGTCAATTYHTTTRAGT","MMF.16S.396redo","CGCTCATT-TAATCTTA","MMF.16S.396redo_4669","Y",70474,62638,100.5,58445,"Control","Bacteria","Candidatus Saccharibacteria"
"154","ASV08253;seqs=1064;samples=48","2384",0,"Ryan Beach","Rosenberg Lab - Uconn Health","26 week study","02","2384",NA,"N/A","COM",NA,"Pirc Rat","Fecal",2023-11-29,"2384","GGTATGGGGTATGGCTACTAYTGGGYDTAAAGNG","GGGGTATGGCTACTCCGTCAATTYHTTTRAGT","MMF.16S.396redo","CGCTCATT-TAATCTTA","MMF.16S.396redo_2384","Y",142830,133381,99.8,117777,"Combination","Bacteria","Cyanobacteria/Chloroplast"
"157","ASV08253;seqs=1064;samples=48","4785",0,"Ryan Beach","Rosenberg Lab - Uconn Health","26 week study","01","4785",NA,"N/A","COM",NA,"Pirc Rat","Fecal",2023-11-29,"4785",NA,NA,NA,NA,NA,"Y",42317,37426,NA,30582,"Control","Bacteria","Cyanobacteria/Chloroplast"
"158","ASV08253;seqs=1064;samples=48","3190",0,"Ryan Beach","Rosenberg Lab - Uconn Health","26 week study","01","3190",NA,"N/A","COM",NA,"Pirc Rat","Fecal",2023-11-29,"3190","TAGGTCTTAGGTCTAGGTCAYTGGGYDTAAAGNG","TATAGGTCTAGGTCCCGTCAATTYHTTTRAGT","MMF.16S.396redo","CGCTCATT-TAATCTTA","MMF.16S.396redo_3190","Y",67480,62756,99.5,58684,"Control","Bacteria","Cyanobacteria/Chloroplast"
"163","ASV08253;seqs=1064;samples=48","4787",0,"Ryan Beach","Rosenberg Lab - Uconn Health","26 week study","01","4787",NA,"N/A","COM",NA,"Pirc Rat","Fecal",2023-11-29,"4787","TTAATCGGTGCCAAYTGGGYDTAAAGNG","TAATCGGTTAATCGGTGCCACCGTCAATTYHTTTRAGT","MMF.16S.396redo","CGCTCATT-TAATCTTA","MMF.16S.396redo_4787","Y",67106,62560,100.9,53976,"Control","Bacteria","Cyanobacteria/Chloroplast"
"164","ASV08253;seqs=1064;samples=48","3834",0,"Ryan Beach","Rosenberg Lab - Uconn Health","26 week study","01","3834",NA,"N/A","COM",NA,"Pirc Rat","Fecal",2023-11-29,"3834","GCACATAGGCACATAGTCGTAYTGGGYDTAAAGNG","GGCACATAGTCGTCCGTCAATTYHTTTRAGT","MMF.16S.396redo","CGCTCATT-TAATCTTA","MMF.16S.396redo_3834","Y",122526,111498,100.6,96907,"Control","Bacteria","Cyanobacteria/Chloroplast"
"166","ASV08253;seqs=1064;samples=48","3835",0,"Ryan Beach","Rosenberg Lab - Uconn Health","26 week study","01","3835",NA,"N/A","COM",NA,"Pirc Rat","Fecal",2023-11-29,"3835",NA,NA,NA,NA,NA,"Y",59218,52621,NA,44116,"Control","Bacteria","Cyanobacteria/Chloroplast"
"169","ASV08253;seqs=1064;samples=48","4669",0,"Ryan Beach","Rosenberg Lab - Uconn Health","26 week study","01","4669",NA,"N/A","COM",NA,"Pirc Rat","Fecal",2023-11-29,"4669","CGTAGCCCGTAGCCAACATAYTGGGYDTAAAGNG","CGCGTAGCCAACATCCGTCAATTYHTTTRAGT","MMF.16S.396redo","CGCTCATT-TAATCTTA","MMF.16S.396redo_4669","Y",70474,62638,100.5,58445,"Control","Bacteria","Cyanobacteria/Chloroplast"
"170","ASV08253;seqs=1064;samples=48","4666",0,"Ryan Beach","Rosenberg Lab - Uconn Health","26 week study","01","4666",NA,"N/A","COM",NA,"Pirc Rat","Fecal",2023-11-29,"4666","TTGGCTCTTTGGCTCTATTCAYTGGGYDTAAAGNG","TTTGGCTCTATTCCCGTCAATTYHTTTRAGT","MMF.16S.396redo","CGCTCATT-TAATCTTA","MMF.16S.396redo_4666","Y",78576,72720,100.2,65409,"Control","Bacteria","Cyanobacteria/Chloroplast"
"171","ASV08253;seqs=1064;samples=48","4667",0,"Ryan Beach","Rosenberg Lab - Uconn Health","26 week study","01","4667",NA,"N/A","COM",NA,"Pirc Rat","Fecal",2023-11-29,"4667","GCCGATGCCGATTGTAACAYTGGGYDTAAAGNG","GCCGCCGATTGTAACCCGTCAATTYHTTTRAGT","MMF.16S.396redo","CGCTCATT-TAATCTTA","MMF.16S.396redo_4667","Y",51296,45894,101.9,36172,"Control","Bacteria","Cyanobacteria/Chloroplast"
"172","ASV34708;seqs=47;samples=6","2384",0,"Ryan Beach","Rosenberg Lab - Uconn Health","26 week study","02","2384",NA,"N/A","COM",NA,"Pirc Rat","Fecal",2023-11-29,"2384","GGTATGGGGTATGGCTACTAYTGGGYDTAAAGNG","GGGGTATGGCTACTCCGTCAATTYHTTTRAGT","MMF.16S.396redo","CGCTCATT-TAATCTTA","MMF.16S.396redo_2384","Y",142830,133381,99.8,117777,"Combination","Bacteria","Elusimicrobia"
"173","ASV34708;seqs=47;samples=6","2845",0,"Ryan Beach","Rosenberg Lab - Uconn Health","26 week study","02","2845",NA,"N/A","COM",NA,"Pirc Rat","Fecal",2023-11-29,"2845","GGCTTGAGCTTGAAYTGGGYDTAAAGNG","GCTTGAGCGCTTGAGCTTGACCGTCAATTYHTTTRAGT","MMF.16S.396redo","CGCTCATT-TAATCTTA","MMF.16S.396redo_2845","Y",71371,66519,100.2,60354,"Combination","Bacteria","Elusimicrobia"
"175","ASV34708;seqs=47;samples=6","3102",0,"Ryan Beach","Rosenberg Lab - Uconn Health","26 week study","02","3102",NA,"N/A","COM",NA,"Pirc Rat","Fecal",2023-11-29,"3102",NA,NA,NA,NA,NA,"Y",71544,63496,NA,56020,"Combination","Bacteria","Elusimicrobia"
"176","ASV34708;seqs=47;samples=6","2844",0,"Ryan Beach","Rosenberg Lab - Uconn Health","26 week study","02","2844",NA,"N/A","COM",NA,"Pirc Rat","Fecal",2023-11-29,"2844","CAACACATCAACACATGCTGAYTGGGYDTAAAGNG","CCAACACATGCTGCCGTCAATTYHTTTRAGT","MMF.16S.396redo","CGCTCATT-TAATCTTA","MMF.16S.396redo_2844","Y",96440,85514,100.1,80325,"Combination","Bacteria","Elusimicrobia"
"177","ASV34708;seqs=47;samples=6","3104",0,"Ryan Beach","Rosenberg Lab - Uconn Health","26 week study","02","3104",NA,"N/A","COM",NA,"Pirc Rat","Fecal",2023-11-29,"3104","CTATCTATGAGTCCAGAYTGGGYDTAAAGNG","CTATGCTATGAGTCCAGCCGTCAATTYHTTTRAGT","MMF.16S.396redo","CGCTCATT-TAATCTTA","MMF.16S.396redo_3104","Y",126102,116279,99.6,111120,"Combination","Bacteria","Elusimicrobia"
"178","ASV34708;seqs=47;samples=6","3834",0,"Ryan Beach","Rosenberg Lab - Uconn Health","26 week study","01","3834",NA,"N/A","COM",NA,"Pirc Rat","Fecal",2023-11-29,"3834","GCACATAGGCACATAGTCGTAYTGGGYDTAAAGNG","GGCACATAGTCGTCCGTCAATTYHTTTRAGT","MMF.16S.396redo","CGCTCATT-TAATCTTA","MMF.16S.396redo_3834","Y",122526,111498,100.6,96907,"Control","Bacteria","Elusimicrobia"
"179","ASV34708;seqs=47;samples=6","4249",0,"Ryan Beach","Rosenberg Lab - Uconn Health","26 week study","02","4249",NA,"N/A","COM",NA,"Pirc Rat","Fecal",2023-11-29,"4249","AGTCAGTCCACTGGTAAYTGGGYDTAAAGNG","AGTCCAGTCCACTGGTACCGTCAATTYHTTTRAGT","MMF.16S.396redo","CGCTCATT-TAATCTTA","MMF.16S.396redo_4249","Y",243699,225570,100,196411,"Combination","Bacteria","Elusimicrobia"
"180","ASV34708;seqs=47;samples=6","4785",0,"Ryan Beach","Rosenberg Lab - Uconn Health","26 week study","01","4785",NA,"N/A","COM",NA,"Pirc Rat","Fecal",2023-11-29,"4785",NA,NA,NA,NA,NA,"Y",42317,37426,NA,30582,"Control","Bacteria","Elusimicrobia"
"181","ASV34708;seqs=47;samples=6","3190",0,"Ryan Beach","Rosenberg Lab - Uconn Health","26 week study","01","3190",NA,"N/A","COM",NA,"Pirc Rat","Fecal",2023-11-29,"3190","TAGGTCTTAGGTCTAGGTCAYTGGGYDTAAAGNG","TATAGGTCTAGGTCCCGTCAATTYHTTTRAGT","MMF.16S.396redo","CGCTCATT-TAATCTTA","MMF.16S.396redo_3190","Y",67480,62756,99.5,58684,"Control","Bacteria","Elusimicrobia"
"182","ASV34708;seqs=47;samples=6","4247",0,"Ryan Beach","Rosenberg Lab - Uconn Health","26 week study","02","4247",NA,"N/A","COM",NA,"Pirc Rat","Fecal",2023-11-29,"4247","GAAGAAGGTGAAGGTAYTGGGYDTAAAGNG","GAAGGTGAAGGTGAAGGTCCGTCAATTYHTTTRAGT","MMF.16S.396redo","CGCTCATT-TAATCTTA","MMF.16S.396redo_4247","Y",89811,82158,99.2,72207,"Combination","Bacteria","Elusimicrobia"
"183","ASV34708;seqs=47;samples=6","4669",0,"Ryan Beach","Rosenberg Lab - Uconn Health","26 week study","01","4669",NA,"N/A","COM",NA,"Pirc Rat","Fecal",2023-11-29,"4669","CGTAGCCCGTAGCCAACATAYTGGGYDTAAAGNG","CGCGTAGCCAACATCCGTCAATTYHTTTRAGT","MMF.16S.396redo","CGCTCATT-TAATCTTA","MMF.16S.396redo_4669","Y",70474,62638,100.5,58445,"Control","Bacteria","Elusimicrobia"
"185","ASV34708;seqs=47;samples=6","4246",0,"Ryan Beach","Rosenberg Lab - Uconn Health","26 week study","02","4246",NA,"N/A","COM",NA,"Pirc Rat","Fecal",2023-11-29,"4246","ATATCTTGGAGTCGAYTGGGYDTAAAGNG","ATCTTGGATCTTGGAGTCGCCGTCAATTYHTTTRAGT","MMF.16S.396redo","CGCTCATT-TAATCTTA","MMF.16S.396redo_4246","Y",217177,203739,100.8,169373,"Combination","Bacteria","Elusimicrobia"
"186","ASV34708;seqs=47;samples=6","4667",0,"Ryan Beach","Rosenberg Lab - Uconn Health","26 week study","01","4667",NA,"N/A","COM",NA,"Pirc Rat","Fecal",2023-11-29,"4667","GCCGATGCCGATTGTAACAYTGGGYDTAAAGNG","GCCGCCGATTGTAACCCGTCAATTYHTTTRAGT","MMF.16S.396redo","CGCTCATT-TAATCTTA","MMF.16S.396redo_4667","Y",51296,45894,101.9,36172,"Control","Bacteria","Elusimicrobia"
"188","ASV34708;seqs=47;samples=6","3835",0,"Ryan Beach","Rosenberg Lab - Uconn Health","26 week study","01","3835",NA,"N/A","COM",NA,"Pirc Rat","Fecal",2023-11-29,"3835",NA,NA,NA,NA,NA,"Y",59218,52621,NA,44116,"Control","Bacteria","Elusimicrobia"
"189","ASV34708;seqs=47;samples=6","4666",0,"Ryan Beach","Rosenberg Lab - Uconn Health","26 week study","01","4666",NA,"N/A","COM",NA,"Pirc Rat","Fecal",2023-11-29,"4666","TTGGCTCTTTGGCTCTATTCAYTGGGYDTAAAGNG","TTTGGCTCTATTCCCGTCAATTYHTTTRAGT","MMF.16S.396redo","CGCTCATT-TAATCTTA","MMF.16S.396redo_4666","Y",78576,72720,100.2,65409,"Control","Bacteria","Elusimicrobia"
"190","ASV34708;seqs=47;samples=6","4787",0,"Ryan Beach","Rosenberg Lab - Uconn Health","26 week study","01","4787",NA,"N/A","COM",NA,"Pirc Rat","Fecal",2023-11-29,"4787","TTAATCGGTGCCAAYTGGGYDTAAAGNG","TAATCGGTTAATCGGTGCCACCGTCAATTYHTTTRAGT","MMF.16S.396redo","CGCTCATT-TAATCTTA","MMF.16S.396redo_4787","Y",67106,62560,100.9,53976,"Control","Bacteria","Elusimicrobia"
